922,2003-09-05,2003-09-07,"2003 FPA World Freestyle Championships",2003-fpa-world-freestyle-championships
925,1974-10-12,1974-10-13,"1974 Jersey Jam",1974-jersey-jam
926,1975-05-24,1975-05-25,"1975 Octad",1975-octad
927,1975-08-01,1975-08-01,"1975 National Flying Disc Freestyle for Pairs",1975-national-flying-disc-freestyle-for-pairs
928,2003-11-08,2003-11-09,"2003 AZ States",2003-az-states
929,2003-09-20,2003-09-21,"2003 Tennessee States Overall Championships",2003-tennessee-states-overall-championships
930,1975-08-09,1975-08-10,"1975 Canadian Open",1975-canadian-open
931,1975-08-01,1975-08-01,"1975 World Freestyle Championship Rose Bowl",1975-world-freestyle-championship-rose-bowl
933,2003-07-06,2003-07-13,"2003 World Disc Games",2003-world-disc-games
934,2004-09-24,2004-09-26,"2004 European Freestyle Championships in Viareggio",2004-european-freestyle-championships-in-viareggio
935,2004-06-19,2004-06-20,"2004 Minnesota State Overall Frisbee Championships",2004-minnesota-state-overall-frisbee-championships
936,2004-06-19,2004-06-20,"2004 World Beach Invitational",2004-world-beach-invitational
937,2004-07-05,2004-07-08,"2004 Disctivity #8",2004-disctivity-8
938,2003-12-06,2003-12-07,"2003 Tampico Open VIIII",2003-tampico-open-viiii
939,2003-12-06,2003-12-06,"2003 Romashred Indoor Tournament",2003-romashred-indoor-tournament
940,2004-06-26,2004-06-27,"2004 AUSTRIAN OPEN FREESTYLE CHAMPIONSHIPS",2004-austrian-open-freestyle-championships
941,2004-03-27,2004-03-27,"2004 Seaside Super Hein",2004-seaside-super-hein
942,2004-02-06,2004-02-08,"2004 Puerto Rico Winter Jam",2004-puerto-rico-winter-jam
943,2002-07-10,2002-07-12,"2002 FPA World Championships",2002-fpa-world-championships
944,2004-05-22,2004-05-23,"2004 The Jammers",2004-the-jammers
945,2003-06-22,2003-06-27,"2003 World Masters/Juniors Overall Championships",2003-world-mastersjuniors-overall-championships
946,2004-03-13,2004-03-13,"2004 New England Indoor Frisbee Freestyle Championships",2004-new-england-indoor-frisbee-freestyle-championships
947,2003-07-26,2003-07-27,"2003 Narragansett Freestyle Frisbee Beach Jam",2003-narragansett-freestyle-frisbee-beach-jam
948,2003-06-14,2003-06-15,"2003 Vagolino",2003-vagolino
949,2003-05-31,2003-06-01,"2003 Jammers Championship",2003-jammers-championship
950,2003-04-26,2003-04-27,"2003 San Diego Beach Freestyle Frisbee Tournament at Mission Beach",2003-san-diego-beach-freestyle-frisbee-tournament-at-mission-beach
951,2003-04-13,2003-04-13,"2003 Virginia State Overall Championship",2003-virginia-state-overall-championship
952,2003-03-22,2003-03-22,"2003 Seaside Super Hein",2003-seaside-super-hein
953,2003-01-28,2003-01-28,"2003 US Indoors",2003-us-indoors
954,2003-04-17,2003-04-21,"2003 Acrobatic Paganello",2003-acrobatic-paganello
955,2003-06-21,2003-06-22,"2003 Manresa Beach Open",2003-manresa-beach-open
956,2004-09-11,2004-09-12,"2004 Santa Cruz Open",2004-santa-cruz-open
957,2004-07-17,2004-07-18,"2004 Extreme Frisbee Challenge",2004-extreme-frisbee-challenge
959,2004-07-12,2004-07-16,"2004 World Masters/Juniors Frisbee Championships",2004-world-mastersjuniors-frisbee-championships
960,2004-09-04,2004-09-05,"2004 Turboshred ... jam and go ... Nuremberg",2004-turboshred-jam-and-go-nuremberg
961,2004-04-17,2004-04-18,"2004 Virginia States Overall Championships",2004-virginia-states-overall-championships
962,2001-04-13,2001-04-15,"2001 Acrobatic Paganello",2001-acrobatic-paganello
963,2001-04-22,2001-04-22,"2001 Virginia States",2001-virginia-states
964,2001-05-27,2001-05-28,"2001 New England Overall Flying Disc Championships",2001-new-england-overall-flying-disc-championships
965,2001-06-09,2001-06-10,"2001 Manresa Beach Tournament",2001-manresa-beach-tournament
966,2001-06-25,2001-06-30,"2001 Masters Flying Disc Championships",2001-masters-flying-disc-championships
967,2001-06-30,2001-07-01,"2001 Summerfest Open",2001-summerfest-open
968,2001-07-08,2001-07-12,"2001 Swedisc Open",2001-swedisc-open
969,2001-07-14,2001-07-15,"2001 Octad",2001-octad
970,2001-02-10,2001-02-11,"2001 US Indoor Championships",2001-us-indoor-championships
971,2001-02-17,2001-02-17,"2001 NE Indoor Championships",2001-ne-indoor-championships
972,2001-06-09,2001-06-10,"2001 Minnesota States",2001-minnesota-states
973,2001-07-24,2001-07-28,"2001 WFDF Championships",2001-wfdf-championships
974,2001-08-04,2001-08-05,"2001 Bud Light Ocean Fest",2001-bud-light-ocean-fest
975,1999-02-13,1999-02-13,"1999 N.E. Freestyle Indoor Championships",1999-n-e-freestyle-indoor-championships
976,2004-03-06,2004-03-06,"2004 Wintershred III",2004-wintershred-iii
977,2004-06-12,2004-06-13,"2004 Vagolino",2004-vagolino
978,2004-05-01,2004-05-02,"2004 Flying Disc Opening - Freestyle Challenge",2004-flying-disc-opening-freestyle-challenge
979,1978-03-18,1978-03-19,"1978 Wham-O! I.F.A. North American Series : Santa Barbara",1978-wham-o-i-f-a-north-american-series-santa-barbara
980,1978-05-20,1978-05-21,"1978 North American Series, Seattle, WA",1978-north-american-series-seattle-wa
981,1978-06-03,1978-06-04,"1978 Wham-O! I.F.A. North American Series : Huntsville",1978-wham-o-i-f-a-north-american-series-huntsville
982,1978-08-23,1978-08-27,"1978 World Frisbee Championships - Rose Bowl",1978-world-frisbee-championships-rose-bowl
983,2004-07-24,2004-07-25,"2004 Amsterjam",2004-amsterjam
984,2004-06-19,2004-06-19,"2004 Disc Or Die",2004-disc-or-die
985,2004-07-07,2004-07-10,"2004 Swedisc Open",2004-swedisc-open
986,1978-05-27,1978-05-28,"1978 Wham-O! I.F.A. North American Series : Philadelphia",1978-wham-o-i-f-a-north-american-series-philadelphia
987,1978-04-14,1978-04-16,"1978 United Kingdom Frisbee Association",1978-united-kingdom-frisbee-association
988,2004-10-30,2004-10-31,"2004 29th Annual Arizona States Freestyle and Overall Tournament",2004-29th-annual-arizona-states-freestyle-and-overall-tournament
989,2004-08-27,2004-08-27,"2004 Super Beach Bowl - $1,500 in cash prizes",2004-super-beach-bowl-1500-in-cash-prizes
990,2004-06-26,2004-06-26,"2004 The Narragansett Beach Jam",2004-the-narragansett-beach-jam
991,2005-07-29,2005-07-31,"2005 FPA World Freestyle Frisbee Championships",2005-fpa-world-freestyle-frisbee-championships
992,2004-09-18,2004-09-19,"2004 Tennessee State's Overall",2004-tennessee-states-overall
993,2004-07-23,2004-07-25,"2004 New England Overall Flying Disc Championships",2004-new-england-overall-flying-disc-championships
994,2004-10-23,2004-10-23,"2004 Romashred Tournament",2004-romashred-tournament
995,2005-07-15,2005-07-17,"2005 Santa Cruz Open",2005-santa-cruz-open
996,2005-09-24,2005-09-25,"2005 30th Tennessee State Flying Disc Championships",2005-30th-tennessee-state-flying-disc-championships
997,2005-04-02,2005-04-03,"2005 German Indoor Freestyle Championships",2005-german-indoor-freestyle-championships
998,1997-01-18,1997-01-19,"1997 New Zealand Flying Disc Championships",1997-new-zealand-flying-disc-championships
999,1997-02-16,1997-02-16,"1997 Wintertime Open",1997-wintertime-open
1000,1994-06-04,1994-06-05,"1994 Maine States",1994-maine-states
1001,1994-06-11,1994-06-12,"1994 Northwest Championships",1994-northwest-championships
1002,1994-06-11,1994-06-12,"1994 California State Championships",1994-california-state-championships
1003,1994-06-12,1994-06-17,"1994 Masters Championships",1994-masters-championships
1004,1994-06-17,1994-06-18,"1994 Swedish Qualification Tournament",1994-swedish-qualification-tournament
1005,1994-06-18,1994-06-18,"1994 Minnesota States",1994-minnesota-states
1006,1994-07-04,1994-07-04,"1994 Florida State Beach Freestyle Championships",1994-florida-state-beach-freestyle-championships
1007,1994-06-25,1994-06-26,"1994 Connecticut States",1994-connecticut-states
1008,1997-04-13,1997-04-13,"1997 VA States",1997-va-states
1009,1997-04-26,1997-04-26,"1997 Rhode Island States",1997-rhode-island-states
1010,2005-01-22,2005-01-23,"2005 The U.S. Indoor Championships",2005-the-u-s-indoor-championships
1011,2005-07-23,2005-07-24,"2005 Seaside SuperHein",2005-seaside-superhein
1012,2005-06-27,2005-07-01,"2005 WFDF World Overall Championships",2005-wfdf-world-overall-championships
1013,2005-11-12,2005-11-13,"2005 30th Annual Arizona State Freestyle/Overall",2005-30th-annual-arizona-state-freestyleoverall
1014,1994-07-08,1994-07-10,"1994 Finnish National Championships",1994-finnish-national-championships
1015,1994-07-10,1994-07-10,"1994 Washington States",1994-washington-states
1016,2005-02-05,2005-02-06,"2005 Scandia Land Freestyle Disc Tournament",2005-scandia-land-freestyle-disc-tournament
1017,1997-05-25,1997-05-25,"1997 Octad/Pennsylvania State Championships",1997-octadpennsylvania-state-championships
1018,1997-06-07,1997-06-07,"1997 Northeast Freestyle/DDC Championships",1997-northeast-freestyleddc-championships
1019,1997-06-14,1997-06-14,"1997 Connecticut State Frisbee Championship",1997-connecticut-state-frisbee-championship
1020,2004-12-11,2004-12-12,"2004 Torneo of the Hat",2004-torneo-of-the-hat
1021,2005-02-18,2005-02-21,"2005 Puerto Rico Winter Jam",2005-puerto-rico-winter-jam
1022,1997-06-21,1997-06-22,"1997 Santa Cruz Beach Classic",1997-santa-cruz-beach-classic
1023,2005-09-17,2005-09-18,"2005 Aloha Beach Festival",2005-aloha-beach-festival
1024,1997-06-20,1997-06-21,"1997 Minnesota States",1997-minnesota-states
1025,2004-12-25,2004-12-25,"2004 Israeli Freestyle Indoors Championships",2004-israeli-freestyle-indoors-championships
1026,1997-06-27,1997-06-27,"1997 LaMirada Spring 1-Day Overall",1997-lamirada-spring-1-day-overall
1027,1997-07-19,1997-07-19,"1997  - NY Tourney - New York",1997-ny-tourney-new-york
1028,1994-07-19,1994-07-23,"1994 Swedish Championships",1994-swedish-championships
1029,1994-07-23,1994-07-23,"1994 Rhode Island States",1994-rhode-island-states
1030,1994-07-23,1994-07-23,"1994 German Open",1994-german-open
1031,1994-07-30,1994-07-31,"1994 FPA Midwest Open",1994-fpa-midwest-open
1032,1994-08-13,1994-08-14,"1994 Oklahoma State Championships",1994-oklahoma-state-championships
1033,1994-08-19,1994-08-21,"1994 US Open Flying Disc Championships",1994-us-open-flying-disc-championships
1034,1994-09-02,1994-09-04,"1994 FPA World Championships",1994-fpa-world-championships
1035,1994-09-03,1994-09-04,"1994 Alabama States",1994-alabama-states
1036,1994-09-10,1994-09-11,"1994 Wisconsin States",1994-wisconsin-states
1037,2001-08-25,2001-08-26,"2001 Oregon State Overall Disc Championships",2001-oregon-state-overall-disc-championships
1038,2001-09-09,2001-09-09,"2001 Jammers Championships",2001-jammers-championships
1039,2001-09-23,2001-09-24,"2001 Tennessee State Overall Disc Championships",2001-tennessee-state-overall-disc-championships
1040,2001-09-29,2001-09-30,"2001 Manpico Open",2001-manpico-open
1041,2001-10-06,2001-10-07,"2001 Cappello Tournament",2001-cappello-tournament
1042,2001-11-10,2001-11-11,"2001 AZ States",2001-az-states
1043,2001-10-19,2001-10-21,"2001 FPA World Freestyle Frisbee Championships",2001-fpa-world-freestyle-frisbee-championships
1044,2005-03-20,2005-03-21,"2005 Costa Brava Freestyle Challenge",2005-costa-brava-freestyle-challenge
1045,2005-02-04,2005-02-06,"2005 Mardi Gras freestyle jam",2005-mardi-gras-freestyle-jam
1046,1997-07-19,1997-07-20,"1997 Disc-a-palooza",1997-disc-a-palooza
1047,1997-07-21,1997-07-26,"1997 Swedisc Open",1997-swedisc-open
1048,2005-03-24,2005-03-27,"2005 Paganello Freestyle Challenge",2005-paganello-freestyle-challenge
1049,2005-08-13,2005-08-14,"2005 30th Annual Wisconsin State Overall Championships",2005-30th-annual-wisconsin-state-overall-championships
1051,2005-04-23,2005-04-24,"2005 The Jammers",2005-the-jammers
1052,2005-07-09,2005-07-10,"2005 Nass Freestyle Challenge",2005-nass-freestyle-challenge
1053,2005-07-17,2005-07-18,"2005 Santa Cruz Beach Classic",2005-santa-cruz-beach-classic
1054,2005-04-09,2005-04-10,"2005 Virginia States",2005-virginia-states
1055,2005-09-24,2005-09-25,"2005 Frischstylers Jam",2005-frischstylers-jam
1056,2005-07-01,2005-07-03,"2005 Rototom SunSplash Frisbee Freestyle",2005-rototom-sunsplash-frisbee-freestyle
1057,2000-02-20,2000-02-20,"2000 NE Indoor Championships",2000-ne-indoor-championships
1058,2000-02-20,2000-02-20,"2000 Wintertime Open",2000-wintertime-open
1059,2000-04-08,2000-04-09,"2000 Virginia States",2000-virginia-states
1060,2000-04-12,2000-04-14,"2000 Paganello",2000-paganello
1061,2000-05-14,2000-05-15,"2000 IFO Over Cypress Gardens",2000-ifo-over-cypress-gardens
1062,2000-05-20,2000-05-21,"2000 East European Freestyle Contest (JKC II)",2000-east-european-freestyle-contest-jkc-ii
1063,2000-06-04,2000-06-04,"2000 Puerto Rico Open",2000-puerto-rico-open
1064,2000-06-10,2000-06-11,"2000 Minnesota States",2000-minnesota-states
1065,2000-06-10,2000-06-11,"2000 Santa Cruz Beach Classic IV",2000-santa-cruz-beach-classic-iv
1066,2000-06-17,2000-06-18,"2000 Bridgeport Frisbie Festival",2000-bridgeport-frisbie-festival
1067,2000-06-24,2000-06-25,"2000 Riverfest",2000-riverfest
1068,2000-06-24,2000-06-25,"2000 Colorado States",2000-colorado-states
1069,2000-07-01,2000-07-02,"2000 Summerfest Flying Disc Championships",2000-summerfest-flying-disc-championships
1070,2000-07-13,2000-07-15,"2000 Masters Flying Disc Championships",2000-masters-flying-disc-championships
1071,2000-07-28,2000-07-30,"2000 FPA World Championships",2000-fpa-world-championships
1072,2000-08-12,2000-08-13,"2000 Swedish National Championships",2000-swedish-national-championships
1073,2000-08-19,2000-08-20,"2000 Wisconsin States",2000-wisconsin-states
1074,2000-08-17,2000-08-17,"2000 World Beach Invitational",2000-world-beach-invitational
1075,2000-09-16,2000-09-17,"2000 Jammers Championships",2000-jammers-championships
1076,2000-09-24,2000-09-25,"2000 TN States",2000-tn-states
1077,2000-10-28,2000-10-29,"2000 Tampico Open",2000-tampico-open
1078,2000-11-11,2000-11-12,"2000 AZ States",2000-az-states
1079,2005-08-03,2005-08-06,"2005 Swedish Overall Championships",2005-swedish-overall-championships
1080,2004-08-21,2004-08-21,"2004 29th WI State Overall",2004-29th-wi-state-overall
1081,2005-03-06,2005-03-06,"2005 Wintershred IV",2005-wintershred-iv
1082,2005-10-29,2005-10-30,"2005 Vola Vola",2005-vola-vola
1083,2005-08-06,2005-08-07,"2005 - A Gathering of the Tribe, Narragannsett, RI",2005-a-gathering-of-the-tribe-narragannsett-ri
1084,2005-04-29,2005-05-01,"2005 Flying Disc Opening - Podersdorf (A)",2005-flying-disc-opening-podersdorf-a
1085,2005-07-04,2005-07-06,"2005 Dictivity #9",2005-dictivity-9
1086,2005-06-18,2005-06-19,"2005 AmsterJam , the European Freestyle Championships",2005-amsterjam-the-european-freestyle-championships
1087,2005-10-05,2005-10-09,"2005 BulaFLOW Freestyle Challenge",2005-bulaflow-freestyle-challenge
1088,2005-08-13,2005-08-13,"2005-My Old Kentucky Jam",2005-my-old-kentucky-jam
1089,2005-10-08,2005-10-09,"2005 Roma Shred",2005-roma-shred
1090,2005-09-23,2005-09-24,"2005 Versilia Cup - Burla Beach Cup",2005-versilia-cup-burla-beach-cup
1091,2005-09-03,2005-09-04,"2005 JamÂ´nÂ´Go",2005-jama-na-go
1092,1999-02-13,1999-02-13,"1999 Wintertime Open",1999-wintertime-open
1093,1999-02-06,1999-02-06,"1999 Slovak Freestyle Contest",1999-slovak-freestyle-contest
1094,1999-03-06,1999-03-07,"1999 Indoor Championships - Jackson Hole",1999-indoor-championships-jackson-hole
1095,1999-04-02,1999-04-05,"1999 Paganello - Rimini, Italy",1999-paganello-rimini-italy
1096,1999-04-17,1999-04-17,"1999 Virginia States",1999-virginia-states
1097,1999-04-24,1999-04-24,"1999 23rd Rhode Island State Flying Disc Championships",1999-23rd-rhode-island-state-flying-disc-championships
1098,1999-05-22,1999-05-23,"1999 New England Freestyle Champs",1999-new-england-freestyle-champs
1099,1999-06-12,1999-06-12,"1999 Narragansett Freestyle Championships",1999-narragansett-freestyle-championships
1100,1999-06-12,1999-06-13,"1999 Swedish Championships",1999-swedish-championships
1101,1999-06-12,1999-06-13,"1999 Manresa State Beach",1999-manresa-state-beach
1102,1999-06-22,1999-06-26,"1999 Masters Overall Championships",1999-masters-overall-championships
1103,1999-06-27,1999-06-27,"1999 Summerfest - Milwaukee",1999-summerfest-milwaukee
1104,1999-06-19,1999-06-19,"1999 Kalmar Frisbee Klubb Championships",1999-kalmar-frisbee-klubb-championships
1105,1999-07-14,1999-07-17,"1999 WFDF Championships",1999-wfdf-championships
1106,1999-08-01,1999-08-01,"1999 IA States",1999-ia-states
1107,1999-08-28,1999-08-28,"1999 CT States",1999-ct-states
1108,2006-05-20,2006-05-21,"2006 German Freestyle Disc Championships",2006-german-freestyle-disc-championships
1109,1999-08-28,1999-08-30,"1999 FPA Worlds  - Santa Cruz",1999-fpa-worlds-santa-cruz
1110,1999-09-18,1999-09-19,"1999 Ventura Beach Tournament",1999-ventura-beach-tournament
1111,1999-10-09,1999-10-09,"1999 NY States - Mt. Kisco",1999-ny-states-mt-kisco
1112,1999-11-13,1999-11-14,"1999 AZ States - Scottsdale",1999-az-states-scottsdale
1113,1999-10-23,1999-10-24,"1999 Jammers Championship - Jacksonville",1999-jammers-championship-jacksonville
1114,1999-10-09,1999-10-09,"1999 World Junior Frisbee Disc Championships",1999-world-junior-frisbee-disc-championships
1115,2005-12-10,2005-12-11,"2005 Tournament of the Hat - Torneo del Cappello",2005-tournament-of-the-hat-torneo-del-cappello
1116,2006-04-08,2006-04-10,"2006 CostaBrava Tournement",2006-costabrava-tournement
1117,2006-04-13,2006-04-17,"2006 Paganello",2006-paganello
1118,2006-04-30,2006-05-01,"2006 Podersdorf Austria Freestyle Pairs and Turboshred event",2006-podersdorf-austria-freestyle-pairs-and-turboshred-event
1119,2006-05-27,2006-05-28,"2006 The Jammers",2006-the-jammers
1120,1997-08-04,1997-08-10,"1997 WFDF World Championships",1997-wfdf-world-championships
1121,1997-07-26,1997-07-27,"1997 World Masters Overall Championships",1997-world-masters-overall-championships
1122,1997-07-26,1997-07-26,"1997 Iowa States",1997-iowa-states
1123,1997-08-20,1997-08-20,"1997 Oklahoma States",1997-oklahoma-states
1124,1997-09-06,1997-09-07,"1997 Tennessee States",1997-tennessee-states
1125,1997-09-13,1997-09-14,"1997 Tampico Open",1997-tampico-open
1126,1997-09-28,1997-09-28,"1997  California States/Indian Summer",1997-california-statesindian-summer
1127,1997-09-28,1997-09-28,"1997  New England Flying Disc Championships at Normandy Farms",1997-new-england-flying-disc-championships-at-normandy-farms
1128,1997-10-04,1997-10-05,"1997  Florida States",1997-florida-states
1129,2006-02-17,2006-02-20,"2006 Puerto Rico Winter Jam",2006-puerto-rico-winter-jam
1130,1995-01-05,1995-01-08,"1995 New Zealand Flying Disc Championships",1995-new-zealand-flying-disc-championships
1131,1995-02-04,1995-02-04,"1995 New England Indoor Flying Disc Festival",1995-new-england-indoor-flying-disc-festival
1132,1995-02-12,1995-02-12,"1995 Seattle Monthly #1",1995-seattle-monthly-1
1133,1995-02-12,1995-02-12,"1995 Seattle Monthly #2",1995-seattle-monthly-2
1134,1995-02-19,1995-02-19,"1995 Wintertime Open",1995-wintertime-open
1135,1995-04-09,1995-04-09,"1995 Virginia States",1995-virginia-states
1136,1995-04-29,1995-04-29,"1995 Manassas Monthly #1",1995-manassas-monthly-1
1137,1995-05-13,1995-05-13,"1995 La Mirada Spring Overall",1995-la-mirada-spring-overall
1138,1995-05-24,1995-05-24,"1995 Manassas Monthly #2",1995-manassas-monthly-2
1139,1995-05-27,1995-05-28,"1995 Octad/Pennsylvania States",1995-octadpennsylvania-states
1140,1995-05-27,1995-05-28,"1995 Swedish Qualifications #1",1995-swedish-qualifications-1
1141,1995-07-15,1995-07-16,"1995 Swedish Qualifications #2",1995-swedish-qualifications-2
1142,1995-06-10,1995-06-11,"1995 FPA Northwest Championships",1995-fpa-northwest-championships
1143,1995-06-24,1995-06-24,"1995 Maine States",1995-maine-states
1144,1995-06-24,1995-06-25,"1995 Minnesota States",1995-minnesota-states
1145,1995-07-08,1995-07-09,"1995 FPA Eastern Nat'l Flying Disc Championships",1995-fpa-eastern-natl-flying-disc-championships
1146,1995-07-04,1995-07-04,"1995 Florida State Beaches Champs",1995-florida-state-beaches-champs
1147,1995-07-30,1995-07-30,"1995 Iowa States",1995-iowa-states
1148,1995-07-22,1995-07-22,"1995 Connecticut States",1995-connecticut-states
1149,1995-08-05,1995-08-06,"1995 Swedisc Open",1995-swedisc-open
1150,1995-08-05,1995-08-06,"1995 Oklahoma States",1995-oklahoma-states
1151,1995-08-12,1995-08-12,"1995 Vermont States",1995-vermont-states
1152,1995-08-12,1995-08-13,"1995 German Open",1995-german-open
1153,1995-08-20,1995-08-20,"1995 Beach Bowl",1995-beach-bowl
1154,1995-08-25,1995-08-27,"1995 FPA World Championships",1995-fpa-world-championships
1155,1995-09-02,1995-09-03,"1995 Alabama States",1995-alabama-states
1156,1995-09-09,1995-09-10,"1995 Wisconsin States",1995-wisconsin-states
1157,1995-09-23,1995-09-24,"1995 Tennessee States",1995-tennessee-states
1158,1995-09-30,1995-10-01,"1995 Florida States",1995-florida-states
1159,1995-09-30,1995-10-01,"1995 New England Championships",1995-new-england-championships
1160,1995-10-01,1995-10-01,"1995 DC States",1995-dc-states
1161,1995-10-07,1995-10-08,"1995 New York States",1995-new-york-states
1162,1995-10-07,1995-10-08,"1995 California States",1995-california-states
1163,1995-10-14,1995-10-14,"1995 La Mirada Fall One-Day Overall",1995-la-mirada-fall-one-day-overall
1164,1995-10-21,1995-10-22,"1995 Texas States",1995-texas-states
1165,1995-11-12,1995-11-12,"1995 Arizona States",1995-arizona-states
1166,1995-11-18,1995-11-19,"1995 World Beach Invitational",1995-world-beach-invitational
1167,2006-04-08,2006-04-09,"2006 30th Annual Virginia States Frisbee Championships",2006-30th-annual-virginia-states-frisbee-championships
1168,1997-10-10,1997-10-12,"1997 FPA World Championships",1997-fpa-world-championships
1169,1997-10-25,1997-10-26,"1997  Southeastern Overall @ Fore Palms",1997-southeastern-overall-fore-palms
1170,1997-11-01,1997-11-01,"1997 La Mirada Fall 1-Day Overall",1997-la-mirada-fall-1-day-overall
1171,1997-11-08,1997-11-09,"1997 Arizona States",1997-arizona-states
1172,2006-01-22,2006-01-22,"2006 Boxmeer Winterjam",2006-boxmeer-winterjam
1173,1998-02-15,1998-02-15,"1998 2nd Annual Expression Session",1998-2nd-annual-expression-session
1174,1998-02-22,1998-02-22,"1998 Wintertime Open",1998-wintertime-open
1175,1998-03-07,1998-03-08,"1998 Indoor Championships  - Jackson Hole",1998-indoor-championships-jackson-hole
1176,1998-03-15,1998-03-15,"1998 Santa Monica Monthly",1998-santa-monica-monthly
1177,1993-04-17,1993-04-18,"1993 Virginia State Championships",1993-virginia-state-championships
1178,1993-05-09,1993-05-09,"1993 California State Overall Championships",1993-california-state-overall-championships
1179,1993-10-01,1993-10-01,"1993 Florida States",1993-florida-states
1180,1993-06-05,1993-06-05,"1993 California Open",1993-california-open
1181,1993-06-05,1993-06-06,"1993 Northwest Championships",1993-northwest-championships
1182,1993-02-14,1993-02-14,"1993 Wintertime Open",1993-wintertime-open
1183,1993-05-01,1993-05-01,"1993 LaMirada Disc Club Spring Overall",1993-lamirada-disc-club-spring-overall
1184,1993-06-12,1993-06-12,"1993 Maine Flying Disc Championships",1993-maine-flying-disc-championships
1185,1993-06-26,1993-06-26,"1993 Pyramids V",1993-pyramids-v
1186,1993-06-19,1993-06-20,"1993 Minnesota States",1993-minnesota-states
1187,1993-05-29,1993-05-30,"1993 Octad",1993-octad
1188,1993-07-30,1993-08-01,"1993 WFDF",1993-wfdf
1189,1998-03-28,1998-03-29,"1998 Beach Championships - San Diego",1998-beach-championships-san-diego
1190,1998-04-11,1998-04-12,"1998 Paganello - Rimini",1998-paganello-rimini
1191,1998-04-19,1998-04-19,"1998 Virginia States",1998-virginia-states
1192,1998-04-25,1998-04-25,"1998 Rhode Island States",1998-rhode-island-states
1193,1998-05-23,1998-05-23,"1998 Wham-O Invasion Championship",1998-wham-o-invasion-championship
1194,1998-05-30,1998-05-30,"1998 Frisbee Commemorative Festival",1998-frisbee-commemorative-festival
1195,1998-06-01,1998-06-01,"1998 Swedish Qualifier #1",1998-swedish-qualifier-1
1196,1998-06-06,1998-06-06,"1998 New England Freestyle Championships",1998-new-england-freestyle-championships
1197,1998-06-08,1998-06-09,"1998 MN States - St. Cloud",1998-mn-states-st-cloud
1198,1998-06-13,1998-06-14,"1998 Santa Cruz Beach Classic",1998-santa-cruz-beach-classic
1199,1998-06-20,1998-06-20,"1998 CT States",1998-ct-states
1200,1998-06-28,1998-06-28,"1998 Midwest Flying Disc Championships",1998-midwest-flying-disc-championships
1201,1998-06-20,1998-06-20,"1998 Kalmar Frisbee Klubb Championships",1998-kalmar-frisbee-klubb-championships
1202,1998-07-03,1998-07-05,"1998 Disc Or Die - Fort Collins",1998-disc-or-die-fort-collins
1203,1993-07-24,1993-07-24,"1993 Rhode Island States",1993-rhode-island-states
1204,1993-08-27,1993-08-29,"1993 FPA Worlds",1993-fpa-worlds
1205,1993-09-11,1993-09-11,"1993 New Hampshire States",1993-new-hampshire-states
1206,1993-09-01,1993-09-01,"1993 Oklahoma States",1993-oklahoma-states
1207,1993-10-09,1993-10-10,"1993 Amazing Flying Disc Championships",1993-amazing-flying-disc-championships
1208,1993-10-16,1993-10-17,"1993 Texas State Championships",1993-texas-state-championships
1209,1993-10-23,1993-10-23,"1993 LaMirada Fall Overall",1993-lamirada-fall-overall
1210,1993-10-17,1993-10-17,"1993 New England Flying Disc Championships",1993-new-england-flying-disc-championships
1211,1993-10-31,1993-10-31,"1993 New York State Championships",1993-new-york-state-championships
1212,1993-08-09,1993-08-15,"1993 Swedish Open",1993-swedish-open
1213,1993-10-01,1993-10-01,"1993 Tennessee States",1993-tennessee-states
1214,1993-10-01,1993-10-01,"1993 Alabama States",1993-alabama-states
1215,1993-10-01,1993-10-01,"1993 Kentucky States",1993-kentucky-states
1216,1993-12-11,1993-12-12,"1993 Arizona States",1993-arizona-states
1217,1994-01-15,1994-01-15,"1994 New Zealand Championships",1994-new-zealand-championships
1218,1994-02-20,1994-02-20,"1994 Wintertime Open",1994-wintertime-open
1219,1994-03-12,1994-03-12,"1994 Los Angeles Monthly #2",1994-los-angeles-monthly-2
1220,1993-01-01,1993-01-01,"1993 New Zealand Championships",1993-new-zealand-championships
1221,1993-08-21,1993-08-22,"1993 Beach Bowl 13",1993-beach-bowl-13
1222,1993-08-21,1993-08-21,"1993 Connecticut States",1993-connecticut-states
1223,1993-09-11,1993-09-12,"1993 Wisconsin States",1993-wisconsin-states
1224,1993-08-28,1993-08-28,"1993 Massachusetts States",1993-massachusetts-states
1225,1994-04-16,1994-04-17,"1994 Virginia States",1994-virginia-states
1226,1994-04-23,1994-04-24,"1994 World Beach Invitational",1994-world-beach-invitational
1227,1994-05-14,1994-05-14,"1994 San Diego Monthly #1",1994-san-diego-monthly-1
1228,1994-05-21,1994-05-21,"1994 La Mirada Spring Overall",1994-la-mirada-spring-overall
1229,1994-05-28,1994-05-29,"1994 Octad",1994-octad
1230,1994-08-28,1994-08-28,"1994 Beach Bowl 14",1994-beach-bowl-14
1231,1994-09-17,1994-09-17,"1994 New Hampshire States",1994-new-hampshire-states
1232,1994-09-24,1994-09-24,"1994 Santa Monica Cup",1994-santa-monica-cup
1233,1994-09-24,1994-09-24,"1994 Iowa States",1994-iowa-states
1234,1994-09-24,1994-09-25,"1994 Tennesse States",1994-tennesse-states
1235,1994-10-01,1994-10-02,"1994 Florida States",1994-florida-states
1236,1994-10-01,1994-10-02,"1994 New York States",1994-new-york-states
1237,1994-10-02,1994-10-02,"1994 Maryland States",1994-maryland-states
1238,1994-10-02,1994-10-03,"1994 New England Championships",1994-new-england-championships
1239,1994-10-15,1994-10-16,"1994 Indian Summer/Northern CA States",1994-indian-summernorthern-ca-states
1240,1994-10-22,1994-10-03,"1994 Delaware States",1994-delaware-states
1241,1994-10-22,1994-10-23,"1994 Texas States",1994-texas-states
1242,1994-12-10,1994-12-11,"1994 Arizona States",1994-arizona-states
1243,1998-07-18,1998-07-19,"1998 Masters Overall - Santa Maria",1998-masters-overall-santa-maria
1244,1998-07-24,1998-07-26,"1998 FPA World Championships",1998-fpa-world-championships
1245,1998-07-25,1998-07-26,"1998 Swedish Championships",1998-swedish-championships
1246,1998-08-30,1998-08-31,"1998 US Open - Dallas",1998-us-open-dallas
1247,1998-09-19,1998-09-20,"1998 New England Flying Disc Championships",1998-new-england-flying-disc-championships
1248,1998-09-19,1998-09-20,"1998 Tampico Open  - Santa Cruz",1998-tampico-open-santa-cruz
1249,1998-09-27,1998-09-27,"1998 Indian Summer  - Sonoma",1998-indian-summer-sonoma
1250,1998-09-27,1998-09-27,"1998 Jammers Championships - Jacksonville",1998-jammers-championships-jacksonville
1251,1998-11-07,1998-11-07,"1998 El Dorado Fall 1-Day Overall - Los Angeles",1998-el-dorado-fall-1-day-overall-los-angeles
1252,1998-11-15,1998-11-15,"1998 AZ States - Scottsdale",1998-az-states-scottsdale
1253,2006-09-01,2006-09-03,"2006 EFC",2006-efc
1254,2006-06-17,2006-06-18,"2006 Minnesota State Championships",2006-minnesota-state-championships
1255,2006-06-24,2006-06-25,"2006 AmsterJam",2006-amsterjam
1256,2006-08-19,2006-08-20,"2006 Wisconsin States",2006-wisconsin-states
1257,2006-11-11,2006-11-12,"2006 Arizona States",2006-arizona-states
1258,2006-07-04,2006-07-08,"2006 Masters and Juniors  Overall Championships",2006-masters-and-juniors-overall-championships
1259,2006-08-12,2006-08-13,"2006 Narragansett Gathering of the tribe",2006-narragansett-gathering-of-the-tribe
1260,2006-09-23,2006-09-24,"2006 Versilia Cup",2006-versilia-cup
1261,1992-07-24,1992-07-26,"1992 US Open",1992-us-open
1262,1992-08-15,1992-08-16,"1992 Freestyle Players Association Worlds Championships",1992-freestyle-players-association-worlds-championships
1263,1992-11-07,1992-11-08,"1992 Ventura Fall Classic",1992-ventura-fall-classic
1264,1992-02-15,1992-02-15,"1992 Wintertime Open",1992-wintertime-open
1265,1992-06-06,1992-06-06,"1992 California Open",1992-california-open
1266,1992-06-13,1992-06-14,"1992 Northwest Freestyle Championships",1992-northwest-freestyle-championships
1267,1992-04-15,1992-04-15,"1992 Virginia State Championships",1992-virginia-state-championships
1268,1992-09-26,1992-09-27,"1992 New England Championships",1992-new-england-championships
1269,1992-08-01,1992-08-01,"1992 Massachusetts Championships",1992-massachusetts-championships
1270,1992-08-03,1992-08-04,"1992 Rhode Island Championships",1992-rhode-island-championships
1271,1992-08-05,1992-08-06,"1992 Connecticut Championships",1992-connecticut-championships
1272,1992-08-29,1992-08-30,"1992 New Jersey Championships",1992-new-jersey-championships
1273,1992-08-01,1992-08-01,"1992 Pyramids Championships",1992-pyramids-championships
1274,1992-10-01,1992-10-02,"1992 Texas States",1992-texas-states
1275,1992-08-08,1992-08-09,"1992 Swedish Championships",1992-swedish-championships
1276,1992-09-12,1992-09-13,"1992 16th Annual Wisconsin States",1992-16th-annual-wisconsin-states
1277,1992-10-01,1992-10-02,"1992 New York State Championships",1992-new-york-state-championships
1278,1992-05-30,1992-05-31,"1992 Octad",1992-octad
1279,1992-11-01,1992-11-01,"1992 New Zealand Championships",1992-new-zealand-championships
1280,1996-02-06,1996-02-06,"1996 New Zealand Flying Disc Championships",1996-new-zealand-flying-disc-championships
1281,1996-02-11,1996-02-11,"1996 Return of the L.A. Monthly",1996-return-of-the-l-a-monthly
1282,1996-02-18,1996-02-18,"1996 Wintertime Open",1996-wintertime-open
1283,1996-03-10,1996-03-10,"1996 Son of the L.A. Monthly",1996-son-of-the-l-a-monthly
1284,1996-04-14,1996-04-14,"1996 Virginia States",1996-virginia-states
1285,1996-07-13,1996-07-14,"1996 Masters Overall Flying Disc Championships",1996-masters-overall-flying-disc-championships
1286,1996-04-27,1996-04-27,"1996 Rhode Island States",1996-rhode-island-states
1287,1996-05-25,1996-05-26,"1996 Octad",1996-octad
1288,1996-06-01,1996-06-02,"1996 Swedish Qualifying Tournament",1996-swedish-qualifying-tournament
1289,1996-06-08,1996-06-08,"1996 La Mirada Spring One-Day Overall",1996-la-mirada-spring-one-day-overall
1290,1996-06-16,1996-06-16,"1996 So. California State Overall Championships",1996-so-california-state-overall-championships
1291,1996-06-22,1996-06-23,"1996 Minnesota State Overall Championships",1996-minnesota-state-overall-championships
1292,1996-06-29,1996-06-30,"1996 Yakima Flight Festival",1996-yakima-flight-festival
1293,1996-07-04,1996-07-04,"1996 Florida State Beaches Championships",1996-florida-state-beaches-championships
1294,1996-07-15,1996-07-20,"1996 Swedisc Championships",1996-swedisc-championships
1295,1996-07-20,1996-07-20,"1996 Connecticut State Championships",1996-connecticut-state-championships
1296,1996-07-26,1996-07-28,"1996 US Open Flying Disc Championships",1996-us-open-flying-disc-championships
1297,1996-07-27,1996-07-28,"1996 Iowa State Championships",1996-iowa-state-championships
1298,1996-08-10,1996-08-10,"1996 Vermont State Championships",1996-vermont-state-championships
1299,1996-08-18,1996-08-18,"1996 Beach Bowl",1996-beach-bowl
1300,1996-08-17,1996-08-18,"1996 Oklahoma States",1996-oklahoma-states
1301,1996-09-01,1996-09-01,"1996 Alabama States",1996-alabama-states
1302,1996-09-06,1996-09-08,"1996 FPA World Championships",1996-fpa-world-championships
1303,1996-09-07,1996-09-08,"1996 Wisconsin States",1996-wisconsin-states
1304,1996-09-21,1996-09-22,"1996 Tennessee States",1996-tennessee-states
1305,1996-09-27,1996-09-29,"1996 Northern California States/Indian Summer",1996-northern-california-statesindian-summer
1306,1996-09-28,1996-09-29,"1996 New England Flying Disc Championships",1996-new-england-flying-disc-championships
1307,1996-10-05,1996-10-06,"1996 New York States",1996-new-york-states
1308,1996-10-05,1996-10-06,"1996 Florida States",1996-florida-states
1309,1996-10-13,1996-10-13,"1996 Washington D.C. State Championships",1996-washington-d-c-state-championships
1310,1996-10-19,1996-10-19,"1996 La Mirada Fall One-Day Overall",1996-la-mirada-fall-one-day-overall
1311,1996-10-19,1996-10-20,"1996 Southeastern Regional Champs",1996-southeastern-regional-champs
1312,1996-10-19,1996-10-20,"1996 Texas States",1996-texas-states
1313,1996-10-19,1996-10-20,"1996 Tampico Open",1996-tampico-open
1314,1996-11-17,1996-11-17,"1996 Arizona States",1996-arizona-states
1315,1996-12-21,1996-12-21,"1996 Seattle Country Day School Holiday Indoor Championships",1996-seattle-country-day-school-holiday-indoor-championships
1316,2002-02-16,2002-02-16,"2002 NE Indoor Championships",2002-ne-indoor-championships
1317,2002-02-17,2002-02-17,"2002 Wintertime Open",2002-wintertime-open
1318,2002-02-24,2002-02-24,"2002 Wintershred at San Francisco's Ocean Beach",2002-wintershred-at-san-franciscos-ocean-beach
1319,2002-03-02,2002-03-03,"2002 Italian National Freestyle Championships",2002-italian-national-freestyle-championships
1320,2002-03-30,2002-03-31,"2002 Paganello",2002-paganello
1321,2002-04-13,2002-04-14,"2002 Virginia States",2002-virginia-states
1322,2002-05-22,2002-05-23,"2002 Minnesota State Championships",2002-minnesota-state-championships
1323,2002-06-22,2002-06-23,"2002 Santa Cruz Beach Classic VI @ Manresa Beach",2002-santa-cruz-beach-classic-vi-manresa-beach
1324,2002-06-29,2002-06-30,"2002 Summerfest",2002-summerfest
1325,2002-06-29,2002-06-29,"2002 Colorado State Championships",2002-colorado-state-championships
1326,2002-06-29,2002-06-29,"2002 Vagolino",2002-vagolino
1328,2002-07-01,2002-07-01,"2002 Swedish Championships",2002-swedish-championships
1329,2002-08-17,2002-08-18,"2002 Wisconsin Flying Disc Championships",2002-wisconsin-flying-disc-championships
1330,2002-08-18,2002-08-18,"2002 Summershred Ocean Beach SF",2002-summershred-ocean-beach-sf
1331,2002-08-31,2002-08-31,"2002 Iowa Flying Disc Championships",2002-iowa-flying-disc-championships
1332,2002-09-07,2002-09-08,"2002 California Freestyle Open  - California Dried Plum Festival",2002-california-freestyle-open-california-dried-plum-festival
1333,2002-09-21,2002-09-22,"2002 Jammers Championships at Jacksonville Beach",2002-jammers-championships-at-jacksonville-beach
1334,2002-09-21,2002-09-22,"2002 Tampico Open VIII",2002-tampico-open-viii
1335,2002-10-05,2002-10-06,"2002 New York State Championships",2002-new-york-state-championships
1336,2002-10-05,2002-10-06,"2002 World Beach Invitational",2002-world-beach-invitational
1337,2002-10-13,2002-10-13,"2002 Best Damn Freestyle Tournament Period",2002-best-damn-freestyle-tournament-period
1338,2002-11-09,2002-11-10,"2002 AZ States",2002-az-states
1339,2002-11-15,2002-11-15,"2002 San Diego Round Robin",2002-san-diego-round-robin
1340,2002-11-16,2002-11-16,"2002 Tennessee State Championships",2002-tennessee-state-championships
1341,2005-07-15,2005-07-17,"2005 Santa Cruz Open Overall",2005-santa-cruz-open-overall
1342,2005-08-20,2005-08-20,"2005 Israel Freestyle Championships",2005-israel-freestyle-championships
1343,2006-08-05,2006-08-06,"2006 Cologne Random Co-op and regular Open Pairs",2006-cologne-random-co-op-and-regular-open-pairs
1344,2006-04-09,2006-04-09,"2006 Wintershred 5",2006-wintershred-5
1345,1978-07-01,1978-07-01,"1978 Wham-O! I.F.A. North American Series : Toronto",1978-wham-o-i-f-a-north-american-series-toronto
1346,1978-07-01,1978-07-01,"1978 Wham-O! I.F.A. North American Series : Boulder",1978-wham-o-i-f-a-north-american-series-boulder
1347,1978-07-01,1978-07-01,"1978 Wham-O! I.F.A. North American Series : Rochester",1978-wham-o-i-f-a-north-american-series-rochester
1348,1978-07-01,1978-07-01,"1978 Wham-O! I.F.A. North American Series : Seattle",1978-wham-o-i-f-a-north-american-series-seattle
1349,2007-09-01,2007-09-02,"2007 White Air freestyle frisbee challenge",2007-white-air-freestyle-frisbee-challenge
1350,1981-07-01,1981-07-01,"1981 Varnamo Cup",1981-varnamo-cup
1351,1981-07-15,1981-07-15,"1981 Bergans Fristilscup",1981-bergans-fristilscup
1352,1981-08-01,1981-08-01,"1981 Varnamo II Cup",1981-varnamo-ii-cup
1353,1979-03-24,1979-03-25,"1979 Wham-O! I.F.A. North American Series",1979-wham-o-i-f-a-north-american-series
1354,1979-07-01,1979-07-01,"1979 Louisville Frisbee Derby",1979-louisville-frisbee-derby
1355,1981-08-08,1981-08-08,"1981 Kopenhagen I",1981-kopenhagen-i
1356,1981-08-15,1981-08-15,"1981 Sodertalje Sweden",1981-sodertalje-sweden
1357,1981-08-20,1981-08-26,"1981 Rose Bowl World Frisbee Championships",1981-rose-bowl-world-frisbee-championships
1358,1981-08-22,1981-08-22,"1981 Varstervik",1981-varstervik
1359,1981-07-20,1981-07-20,"1981 World Disc and FPA Worlds Combined",1981-world-disc-and-fpa-worlds-combined
1360,1982-07-01,1982-07-01,"1982 FRI - VM",1982-fri-vm
1361,1982-07-07,1982-07-07,"1982 Vintertrofen",1982-vintertrofen
1362,1982-04-01,1982-04-01,"1982 Apriljammet",1982-apriljammet
1363,1982-07-15,1982-07-15,"1982 Stockholm",1982-stockholm
1364,1982-07-16,1982-07-16,"1982 Europamasterskapen",1982-europamasterskapen
1365,1982-07-22,1982-07-22,"1982 SM I Orebro",1982-sm-i-orebro
1366,1985-04-07,1985-04-07,"1985 World Indoor Championships",1985-world-indoor-championships
1368,1985-06-01,1985-06-01,"1985 San Antonio National Freestyle Championships",1985-san-antonio-national-freestyle-championships
1369,1985-06-05,1985-06-05,"1985 Western Canadian Open",1985-western-canadian-open
1370,1985-06-03,1985-06-03,"1985 FPA New World Tour : Philadelphia",1985-fpa-new-world-tour-philadelphia
1371,1985-07-10,1985-07-10,"1985 Kansas City",1985-kansas-city
1372,1985-08-02,1985-08-02,"1985 FPA World Championships",1985-fpa-world-championships
1373,1985-07-20,1985-07-20,"1985 World Disc",1985-world-disc
1374,1985-07-28,1985-07-28,"1985 Ft. Collins",1985-ft-collins
1375,1987-06-08,1987-06-08,"1987 Canadian Open",1987-canadian-open
1376,1987-07-01,1987-07-01,"1987 U.S. Open",1987-u-s-open
1377,1987-08-05,1987-08-05,"1987 WFDF World Championships",1987-wfdf-world-championships
1378,1987-08-01,1987-08-01,"1987 FPA Eastern National Championships",1987-fpa-eastern-national-championships
1379,1987-08-08,1987-08-08,"1987 Massachusetts State Championships",1987-massachusetts-state-championships
1380,1987-07-01,1987-07-01,"1987 Swedish Championships",1987-swedish-championships
1381,1987-03-01,1987-03-01,"1987 World Indoor Championships",1987-world-indoor-championships
1382,1987-06-26,1987-06-26,"1987 FPA World Championships",1987-fpa-world-championships
1383,1987-09-10,1987-09-10,"1987 Indian Summer - California State Chmpionships",1987-indian-summer-california-state-chmpionships
1384,1987-10-29,1987-10-29,"1987 Arizona State Championships",1987-arizona-state-championships
1385,1988-07-01,1988-07-01,"1988 Dallas Air Open",1988-dallas-air-open
1386,1988-08-01,1988-08-01,"1988 WFDF World Championships",1988-wfdf-world-championships
1387,1990-07-01,1990-07-01,"1990 U.S. Open",1990-u-s-open
1388,1990-09-01,1990-09-01,"1990 FPA World Championships",1990-fpa-world-championships
1389,1990-07-01,1990-07-01,"1990 Seattle",1990-seattle
1390,1990-07-05,1990-07-05,"1990 World Masters Championships",1990-world-masters-championships
1391,1990-07-17,1990-07-17,"1990 Sky of 10,000 Frisbees",1990-sky-of-10000-frisbees
1392,1990-07-01,1990-07-01,"1990 Boulder Nationals",1990-boulder-nationals
1393,1990-09-01,1990-09-01,"1990 Wisconsin States",1990-wisconsin-states
1394,1990-08-01,1990-08-01,"1990 California State Freestyle Championships",1990-california-state-freestyle-championships
1395,1990-09-01,1990-09-01,"1990 Ventura Beach Tournament",1990-ventura-beach-tournament
1396,2006-09-09,2006-09-10,"2006 Roseto 'VOLA-VOLA'",2006-roseto-vola-vola
1397,2007-06-30,2007-07-01,"2007 Windmill Open",2007-windmill-open
1398,2007-08-04,2007-08-05,"2007 New England Beach Blast",2007-new-england-beach-blast
1399,2007-04-15,2007-04-15,"2007 Hat Tournament",2007-hat-tournament
1400,2007-05-05,2007-05-06,"2007 Dreh & Trink Freestyle Contest",2007-dreh-trink-freestyle-contest
1401,2007-03-31,2007-04-01,"2007 Frisbee Freestyle Masters",2007-frisbee-freestyle-masters
1402,2007-06-09,2007-06-10,"2007 Vagolino",2007-vagolino
1403,2007-09-17,2007-09-18,"2007 Torneo CittÃ  di Milano",2007-torneo-citta-di-milano
1404,2007-09-15,2007-09-16,"2007 European Open",2007-european-open
1405,2007-09-08,2007-09-09,"2007 EFC in Roseto, Italy",2007-efc-in-roseto-italy
1406,2007-07-07,2007-07-08,"2007 Nass Freestyle Challenge",2007-nass-freestyle-challenge
1407,2007-07-07,2007-07-14,"2007 Rototom Sunsplash Frisbee Freestyle",2007-rototom-sunsplash-frisbee-freestyle
1408,2006-07-08,2006-07-08,"2006 Rototom Frisbee Freestyle",2006-rototom-frisbee-freestyle
1409,2007-02-15,2007-02-19,"2007 Puerto Rico Winter Jam",2007-puerto-rico-winter-jam
1410,2007-11-10,2007-11-11,"2007 Arizona States",2007-arizona-states
1411,2007-04-13,2007-04-15,"2007 Virginia States",2007-virginia-states
1412,2007-05-19,2007-05-20,"2007 I LAZZARONI - International Freestyle Tournament",2007-i-lazzaroni-international-freestyle-tournament
1413,2007-06-21,2007-06-24,"2007 FPA World Championships",2007-fpa-world-championships
1414,2007-06-30,2007-07-01,"2007 Afterworld",2007-afterworld
1415,2007-05-19,2007-05-20,"2007 The Jammers",2007-the-jammers
1416,2007-08-24,2007-08-26,"2007 Santa Cruz Open",2007-santa-cruz-open
1417,2007-09-24,2007-09-25,"2007 Burla Beach Cup",2007-burla-beach-cup
1418,2007-09-15,2007-09-16,"2007 Aloha Beach Event; Just Jams-NoTitlesNoGlory",2007-aloha-beach-event-just-jams-notitlesnoglory
1419,2006-10-15,2006-10-15,"2006 Bay Area Plastic On Plastic shred tournament",2006-bay-area-plastic-on-plastic-shred-tournament
1420,2007-07-09,2007-07-14,"2007 WFDF World Overall Championships",2007-wfdf-world-overall-championships
1421,2007-06-17,2007-06-17,"2007 Minnesota State Championships",2007-minnesota-state-championships
1422,2007-05-26,2007-05-27,"2007 German Freestyle Disc Championships",2007-german-freestyle-disc-championships
1423,2007-02-10,2007-02-11,"2007 Prague FrisbeerCup Winter Indoor",2007-prague-frisbeercup-winter-indoor
1424,2007-03-31,2007-04-02,"2007 Costa Brava Open",2007-costa-brava-open
1425,2007-04-05,2007-04-07,"2007 Paganello Freestyle Challenge",2007-paganello-freestyle-challenge
1426,2006-08-20,2006-08-20,"2006 Michelob Ultra Beach Tournament",2006-michelob-ultra-beach-tournament
1427,2006-09-16,2006-09-17,"2006 INDIAN SUMMER FRISBEE FESTIVAL 2006",2006-indian-summer-frisbee-festival-2006
1428,2007-01-21,2007-01-21,"2007 Boxmeer winterjam",2007-boxmeer-winterjam
1429,2007-06-23,2007-06-24,"2007 Disctivity",2007-disctivity
1430,2006-09-16,2006-09-17,"2006 Torneo CittÃ  di Milano",2006-torneo-citta-di-milano
1431,2006-07-28,2006-07-30,"2006 FPA World Championships",2006-fpa-world-championships
1432,2007-07-21,2007-07-21,"2007 Northeast Freestyle Championship pro/am",2007-northeast-freestyle-championship-proam
1433,2008-06-21,2008-06-22,"2008 Minnesota State Overall",2008-minnesota-state-overall
1434,2007-08-04,2007-08-04,"2007 Summershred",2007-summershred
1435,2007-08-11,2007-08-12,"2007 Salento 1st contest frisbee freestyle",2007-salento-1st-contest-frisbee-freestyle
1436,2007-07-28,2007-07-28,"2007 Hero Open",2007-hero-open
1437,2008-03-15,2008-03-16,"2008 Frisbee Freestyle Masters (Dortmund, Germany)",2008-frisbee-freestyle-masters-dortmund-germany
1438,2007-11-17,2007-11-18,"2007 Freestyle Event",2007-freestyle-event
1439,2007-12-28,2007-12-30,"2007 Freestyle Jam Camp",2007-freestyle-jam-camp
1440,2007-08-05,2007-08-05,"2007 Puerto Rico National Freestyle Championships",2007-puerto-rico-national-freestyle-championships
1441,2007-11-24,2007-11-25,"2007 1st GP Citta di Forli",2007-1st-gp-citta-di-forli
1442,2007-12-01,2007-12-02,"2007 Slovakia Open Championship",2007-slovakia-open-championship
1443,2008-07-31,2008-08-03,"2008 FPA World Championships",2008-fpa-world-championships
1444,2009-08-19,2009-08-23,"2009 BERLINER FPA WORLD CHAMPIONSHIPS",2009-berliner-fpa-world-championships
1445,2008-09-06,2008-09-07,"2008 Butch Cassidy Cup",2008-butch-cassidy-cup
1446,2008-07-14,2008-07-19,"2008 U.S. Open Overall + Juniors and Masters",2008-u-s-open-overall-juniors-and-masters
1448,2008-02-10,2008-02-15,"2008 Ultimutation",2008-ultimutation
1449,2008-02-15,2008-02-18,"2008 Puerto Rico Winter Jam",2008-puerto-rico-winter-jam
1450,2008-05-23,2008-05-25,"2008 The Jammers",2008-the-jammers
1451,2008-06-21,2008-06-22,"2008 AmsterJam Open",2008-amsterjam-open
1452,2009-01-02,2009-01-04,"2009 Freestyle Jam Camp - Los Angeles",2009-freestyle-jam-camp-los-angeles
1453,2008-08-09,2008-08-10,"2008 BerlinJam",2008-berlinjam
1454,2007-10-14,2007-10-14,"2007 Berlin Hat Tournament",2007-berlin-hat-tournament
1455,2008-03-20,2008-03-24,"2008 Paganello",2008-paganello
1457,2008-07-02,2008-07-06,"2008 WFDF World Title Freestyle Championship Title",2008-wfdf-world-title-freestyle-championship-title
1458,2006-10-08,2006-10-08,"2006 Berlin Hat Tournament",2006-berlin-hat-tournament
1459,2008-06-07,2008-06-08,"2008 German Freestyle Disc Championships",2008-german-freestyle-disc-championships
1460,2008-08-23,2008-08-23,"2008 World Beach Freestyle frisbee disc Championships",2008-world-beach-freestyle-frisbee-disc-championships
1461,2008-04-13,2008-04-13,"2008 Wintershred",2008-wintershred
1462,2008-04-25,2008-04-25,"2008 Torneo del Cappello Hat Tournament",2008-torneo-del-cappello-hat-tournament
1463,2008-08-15,2008-08-17,"2008 FPA European Freestyle Championships",2008-fpa-european-freestyle-championships
1464,2008-04-20,2008-04-20,"2008 Berlin says hello to spring",2008-berlin-says-hello-to-spring
1465,2008-09-06,2008-09-07,"2008 International Roma Open",2008-international-roma-open-08
1466,2008-07-05,2008-07-06,"2008 Rototom Flying Station",2008-rototom-flying-station
1467,2008-11-29,2008-11-30,"2008 Mazapegul",2008-mazapegul
1468,2008-07-12,2008-07-13,"2008 SALENTO(south Italy) FrisbeeFreestyleChampionships",2008-salentosouth-italy-frisbeefreestylechampionships
1469,1980-03-29,1980-03-30,"1980 Wham-O! I.F.A. North American Series",1980-wham-o-i-f-a-north-american-series
1470,1980-04-04,1980-04-05,"1980 Duke Disc Festival",1980-duke-disc-festival
1471,1980-04-26,1980-04-27,"1980 Wham-O! I.F.A. North American Series Sarasota, FL",1980-wham-o-i-f-a-north-american-seriessarasota-fl
1473,1980-07-04,1980-07-05,"1980 Wham-O! I.F.A. North American Series: Vancouver, BC",1980-wham-o-i-f-a-north-american-series-vancouver-bc
1474,1980-07-11,1980-07-12,"1980 Freestyle Players Association Series : Boulder",1980-freestyle-players-association-series-boulder
1475,1980-07-16,1980-07-17,"1980 Wham-O! I.F.A. North American Series: Minneapolis, MN",1980-wham-o-i-f-a-north-american-series-minneapolis-mn
1476,1980-07-23,1980-07-24,"1980-Wham-O! I.F.A. North American Series: Toronto",1980-wham-o-i-f-a-north-american-series-toronto
1477,1980-07-31,1980-08-01,"1980 American Flying Disc Open (AFDO)",1980-american-flying-disc-open-afdo
1478,1980-08-07,1980-08-10,"1980 World Flying Disc Championships (WFDF)",1980-world-flying-disc-championships-wfdf
1479,1980-08-28,1980-08-31,"1980 World Frisbee Championships (WFC)",1980-world-frisbee-championships-wfc
1480,1980-09-04,1980-09-07,"1980 Central Pennsylvania Frisbee Festival",1980-central-pennsylvania-frisbee-festival
1481,1981-03-28,1981-03-29,"1981 Wham-O! I.F.A. North American Series: Austin",1981-wham-o-i-f-a-north-american-series-austin
1482,1981-04-04,1981-04-05,"1981 Wham-O! I.F.A. North American Series: Santa Barbara",1981-wham-o-i-f-a-north-american-series-santa-barbara
1483,1981-04-11,1981-04-12,"1981 FPA New World Tour : Tempe",1981-fpa-new-world-tour-tempe
1484,1981-04-19,1981-04-20,"1981 Southwest Desert Disc Classic",1981-southwest-desert-disc-classic
1485,1981-05-02,1981-05-03,"1981 Wham-O! I.F.A. North American Series: Charlotte",1981-wham-o-i-f-a-north-american-series-charlotte
1486,1981-05-09,1981-05-10,"1981 Wham-O! I.F.A. North American Series: Albuquerque",1981-wham-o-i-f-a-north-american-series-albuquerque
1487,1981-05-16,1981-05-17,"1981 Wham-O! I.F.A. North American Series: Chicago",1981-wham-o-i-f-a-north-american-series-chicago
1488,1983-09-17,1983-09-18,"1983 Massachusetts State Frisbee Championships",1983-massachusetts-state-frisbee-championships
1490,1981-05-28,1981-05-29,"1981 Wham-O! I.F.A. North American Series- Toronto",1981-wham-o-i-f-a-north-american-series-toronto-2
1491,1981-06-12,1981-06-14,"1981 FPA New World Tour : Rochester",1981-fpa-new-world-tour-rochester
1492,1982-09-24,1982-09-25,"1982 Wham-O! I.F.A. New England Championships",1982-wham-o-i-f-a-new-england-championships
1493,1981-07-25,1981-07-26,"1981 American Flying Disc Open: (AFDO)",1981-american-flying-disc-open-afdo-2
1494,1981-07-17,1981-07-18,"1981FPA New World Tour : Minneapolis",1981-fpa-new-world-tour-minneapolis
1495,1982-04-10,1982-04-11,"1982 6th Annual Virginia State Frisbee Championships",1982-6th-annual-virginia-state-frisbee-championships
1496,1981-09-12,1981-09-13,"1981 Central Pennsylvania Frisbee Festival",1981-central-pennsylvania-frisbee-festival
1497,1982-04-17,1982-04-18,"1982 FPA New World Tour : Greenville",1982-fpa-new-world-tour-greenville
1498,1982-05-01,1982-05-02,"1982 The Charlotte National Open",1982-the-charlotte-national-open
1499,1982-06-26,1982-06-27,"1982 FPA New World Tour : Kansas City",1982-fpa-new-world-tour-kansas-city
1500,1982-07-03,1982-07-04,"1982 Eastern Canadian Open : Etobicoke",1982-eastern-canadian-open-etobicoke
1501,1982-07-17,1982-07-18,"1982 FPA New World Tour : World Freestyle Championships",1982-fpa-new-world-tour-world-freestyle-championships
1502,1982-07-24,1982-07-25,"1982 FPA New World Tour : Minneapolis",1982-fpa-new-world-tour-minneapolis
1503,1982-08-01,1982-08-02,"1982 Volcanic Open",1982-volcanic-open
1504,1982-08-07,1982-08-12,"1982 WFDF - World FLying Disc Championships",1982-wfdf-world-flying-disc-championships
1505,1982-08-14,1982-08-15,"1982 Wham-O! I.F.A. Canadian National Championships",1982-wham-o-i-f-a-canadian-national-championships
1506,1982-08-28,1982-08-29,"1982 National Capitol Area Frisbee Championships",1982-national-capitol-area-frisbee-championships
1507,1982-09-11,1982-09-12,"1982 Massachusetts State Frisbee Championships",1982-massachusetts-state-frisbee-championships
1508,1983-03-13,1983-03-13,"1983 Long Island Indoor Pro / Am",1983-long-island-indoor-pro-am
1509,1983-04-30,1983-05-01,"1983 FPA New World Tour : Victoria",1983-fpa-new-world-tour-victoria
1510,1983-05-14,1983-05-15,"1983 FPA New World Tour : Charlotte",1983-fpa-new-world-tour-charlotte
1511,1983-05-28,1983-05-29,"1983 The Philadelphia Flying Disc Championships",1983-the-philadelphia-flying-disc-championships
1512,1983-07-02,1983-07-03,"1983 FPA New World Tour : Fort Collins",1983-fpa-new-world-tour-fort-collins
1513,1983-07-23,1983-07-24,"1983 Canadian National Championships",1983-canadian-national-championships
1514,1984-03-10,1984-03-10,"1984 Long Island Open",1984-long-island-open
1515,1983-10-22,1983-10-22,"1983 Connecticut State Championships",1983-connecticut-state-championships
1516,1984-04-28,1984-04-29,"1984 FPA New World Tour : Philadelphia",1984-fpa-new-world-tour-philadelphia
1517,1984-06-09,1984-06-10,"1984 Canadian Open",1984-canadian-open
1518,1984-06-17,1984-06-17,"1984 Connecticut State Frisbee Championships",1984-connecticut-state-frisbee-championships
1519,1984-08-19,1984-08-20,"1984 Rhode Island State Frisbee Championships",1984-rhode-island-state-frisbee-championships
1520,1984-09-09,1984-09-10,"1984 Massachusetts State Frisbee Championships",1984-massachusetts-state-frisbee-championships
1521,1984-11-03,1984-11-04,"1984 Eastern Indoor Freestyle Championships",1984-eastern-indoor-freestyle-championships
1522,2008-08-09,2008-08-10,"2008 Swiss Freestyle Disc Open",2008-swiss-freestyle-disc-open
1523,2009-08-09,2009-08-10,"2009 Swiss Freestyle Disc Open Bern",2009-swiss-freestyle-disc-open-bern
1524,2008-10-05,2008-10-05,"2008 Freestyle and Overall format",2008-freestyle-and-overall-format
1526,1979-07-04,1979-07-05,"1979 Wham-O! I.F.A. North American Series : Toronto",1979-wham-o-i-f-a-north-american-series-toronto
1527,1979-07-12,1979-07-13,"1979 Wham-O! I.F.A. North American Series : New Brunswick",1979-wham-o-i-f-a-north-american-series-new-brunswick
1528,2008-08-10,2008-08-10,"2008 Disc golf tournament",2008-disc-golf-tournament
1529,1979-08-06,1979-08-07,"1979 Wham-O! I.F.A. North American Series : Minneapolis",1979-wham-o-i-f-a-north-american-series-minneapolis
1530,1983-08-01,1983-08-04,"1983 U.S. Open Frisbee Championships la mirada, ca",1983-u-s-open-frisbee-championships
1531,2008-10-04,2008-10-05,"2008 Overall and Freestyle formats at Sonoma State Univ",2008-overall-and-freestyle-formats-at-sonoma-state-univ
1532,2008-10-18,2008-10-19,"2008 Vola Vola CIF (Campionati Italiani Freestyle)",2008-vola-vola-cif-campionati-italiani-freestyle
1533,2008-11-06,2008-11-09,"2008 33rd Annual AZ State Overall",2008-33rd-annual-az-state-overall
1534,2009-05-22,2009-05-25,"2009 The Jammers",2009-the-jammers
1535,2009-07-07,2009-07-12,"2009 WFDF",2009-wfdf
1536,2009-08-28,2009-08-30,"2009 Butch Cassidy Cup",2009-butch-cassidy-cup
1537,2009-06-06,2009-06-07,"2009 German Championships in Freestyle",2009-german-championships-in-freestyle
1538,2008-12-13,2008-12-14,"2008 JiK Jam 2nd",2008-jik-jam-2nd
1539,2009-02-14,2009-02-15,"2009 Freestyle Frisbeer Cup - Czech Open",2009-freestyle-frisbeer-cup-czech-open
1540,2009-02-13,2009-02-16,"2009 Puerto Rico Winter Jam",2009-puerto-rico-winter-jam
1541,1987-05-23,1987-05-25,"1987 Octad",1987-octad
1542,1983-04-24,1983-04-24,"1983 Philly Indoor Freestyle Classic",1983-philly-indoor-freestyle-classic
1543,2009-03-14,2009-03-15,"2009 Frisbee Freestyle Masters",2009-frisbee-freestyle-masters
1544,2009-01-17,2009-01-17,"2009 Berlin 4 Seasons Hat Tournament - Winter-Edit",2009-berlin-4-seasons-hat-tournament-winter-edit
1545,2009-06-27,2009-06-28,"2009 Italian Championship",2009-italian-championship
1546,2009-04-17,2009-04-19,"2009 Virginia States",2009-virginia-states
1547,2009-07-04,2009-07-05,"2009 ROTOTOM",2009-rototom
1548,2009-07-07,2009-07-12,"2009 WFDF World Overall",2009-wfdf-world-overall
1549,2009-08-28,2009-08-30,"2009 Santa Cruz Open Overall",2009-santa-cruz-open-overall
1550,2009-09-05,2009-09-06,"2009 Roma Open",2009-roma-open
1551,2009-11-14,2009-11-15,"2009 Arizona States Overall",2009-arizona-states-overall
1552,2009-11-27,2009-11-29,"2009 Mazapegul",2009-mazapegul
1553,2009-06-20,2009-06-21,"2009 AmsterJam",2009-amsterjam
1554,2009-02-07,2009-02-14,"2009 Ultimutation",2009-ultimutation
1555,2009-04-04,2009-04-04,"2009 Costa Brava Open",2009-costa-brava-open
1556,2009-04-09,2009-04-13,"2009 Paganello",2009-paganello
1557,2009-04-18,2009-04-19,"2009 Torneo del Cappello",2009-torneo-del-cappello
1558,2009-04-18,2009-04-19,"2009 Virginia States #2",2009-virginia-states-2
1559,2009-05-01,2009-05-03,"2009 Bibione",2009-bibione
1560,2009-09-26,2009-09-27,"2009 Lazzaroni",2009-lazzaroni
1561,2009-06-13,2009-06-14,"2009 Vagolino",2009-vagolino
1562,2009-03-29,2009-03-29,"2009 Jamitin",2009-jamitin
1563,2009-07-27,2009-08-03,"2009 Swedish Championships",2009-swedish-championships
1564,2009-04-04,2009-04-04,"2009 Wintershred",2009-wintershred
1565,2009-09-17,2009-09-21,"2009 FREESTYLE CONCERT CRUISE",2009-freestyle-concert-cruise
1566,2009-07-24,2009-07-25,"2009 EFC",2009-efc
1567,2009-10-17,2009-10-18,"2009 Hola Vola",2009-hola-vola
1568,2009-07-18,2009-07-19,"2009 JamAndGo",2009-jamandgo
1569,2009-10-08,2009-10-11,"2009 AZ States",2009-az-states
1570,2009-11-14,2009-11-14,"2009 Beachstylers OBO9",2009-beachstylers-obo9
1571,2010-04-30,2010-05-02,"2010 Bibione Bahia",2010-bibione-bahia
1572,2009-10-10,2009-10-10,"2009 123 four seasons hat tournament - edition autumn",2009-123-four-seasons-hat-tournament-edition-autumn
1573,2010-06-25,2010-06-27,"2010 German Freesytle  open",2010-german-freesytle-open
1574,2009-10-25,2009-10-25,"2009 RomaZhred & Frisbee Golf",2009-romazhred-frisbee-golf
1575,2010-08-05,2010-08-08,"2010 FPA World Championships",2010-fpa-world-championships
1576,2009-11-14,2009-11-15,"2009 J.I.K.",2009-j-i-k
1577,2010-02-12,2010-02-14,"2010 Czech open",2010-czech-open
1578,2010-07-10,2010-07-11,"2010 EFC",2010-efc
1579,2010-05-29,2010-05-30,"2010 The Jammers",2010-the-jammers
1580,2010-04-02,2010-04-05,"2010 Paganello - 20th edition, Amarcord",2010-paganello-20th-edition-amarcord
1581,2010-01-16,2010-01-16,"2010 In den Hallen",2010-in-den-hallen
1582,2010-06-19,2010-06-20,"2010 Italian Freestyle Championships",2010-italian-freestyle-championships
1583,2010-08-13,2010-08-15,"2010 Swiss Freestyle Frisbee Open in Bern",2010-swiss-freestyle-frisbee-open-in-bern
1584,2010-03-06,2010-03-07,"2010 MMX Power Tournament",2010-mmx-power-tournament
1585,2010-06-11,2010-06-13,"2010 the freestyle magazine baltic sun prayer session",2010-the-freestyle-magazine-baltic-sun-prayer-session
1586,2010-06-12,2010-06-13,"2010 Vagolino",2010-vagolino
1587,2010-07-03,2010-07-04,"2010 Vola Vola",2010-vola-vola
1588,2010-09-18,2010-09-20,"2010 Barona King of Thousands",2010-barona-king-of-thousands
1589,2010-02-12,2010-02-14,"2010 Puerto Rico Winter Jam",2010-puerto-rico-winter-jam
1590,2010-07-31,2010-08-01,"2010 Seaside Super Hein",2010-seaside-super-hein
1591,2010-04-16,2010-04-18,"2010 34th Annual Virginia State Frisbee Tournament",2010-34th-annual-virginia-state-frisbee-tournament
1592,2010-08-22,2010-08-22,"2010 AmsterJam",2010-amsterjam
1593,2010-08-27,2010-08-29,"2010 Fresstyle Frisbee meets DiscDogging",2010-fresstyle-frisbee-meets-discdogging
1594,2010-11-05,2010-11-07,"2010 Jik Jam",2010-jik-jam
1595,2010-11-27,2010-11-28,"2010 Mazapegul",2010-mazapegul
1596,2010-08-12,2010-08-12,"2010 Tampico Open",2010-tampico-open
1597,2010-09-04,2010-09-05,"2010 The Italian Open",2010-the-italian-open
1598,2010-09-04,2010-09-05,"2010 Italian Open",2010-italian-open
1599,2010-07-02,2010-07-04,"2010 8th Beach Ultimate and First freestyle tournament.",2010-8th-beach-ultimate-and-first-freestyle-tournament
1600,2010-03-06,2010-03-06,"2010 123 Four Seasons Hat Tournament Winter",2010-123-four-seasons-hat-tournament-winter
1601,1979-04-15,1979-04-15,"1979 Eckerd College Invitational",1979-eckerd-college-invitational
1602,2010-04-05,2010-04-05,"2010 ROMANELLO "Hat Tourney"",2010-romanello-hat-tourney
1603,2010-05-08,2010-05-08,"2010 ROMANELLO",2010-romanello
1604,2010-07-12,2010-07-17,"2010 US Overall Flying Disc Championships",2010-us-overall-flying-disc-championships
1605,2010-05-15,2010-05-16,"2010 Klotzen statt Glotzen HAT - Tournament",2010-klotzen-statt-glotzen-hat-tournament
1606,2010-10-09,2010-10-10,"2010 35th Annual AZ State Overalls",2010-35th-annual-az-state-overalls
1607,2010-09-25,2010-09-26,"2010 Lazzaroni",2010-lazzaroni
1608,2010-09-04,2010-09-05,"2010 123 Four Seasons Hat Tournament (Edition Summmer 2",2010-123-four-seasons-hat-tournament-edition-summmer-2
1609,2010-12-11,2010-12-11,"2010 Bora Contest",2010-bora-contest
1610,2010-11-06,2010-11-07,"2010 The Beach Stylers - Oceanside Beach",2010-the-beach-stylers-oceanside-beach
1611,2010-09-18,2010-09-19,"2010 JAMpions league powered by Dreh.AG",2010-jampions-league-powered-by-dreh-ag
1612,2010-09-11,2010-09-12,"2010 Torino Street Style",2010-torino-street-style
1613,2010-10-09,2010-10-09,"2010 123 Four Seasons - Autumn",2010-123-four-seasons-autumn
1614,2011-01-22,2011-01-23,"2011 123 Four Seasons - Edition Winter",2011-123-four-seasons-edition-winter
1615,2011-04-30,2011-05-01,"2011 123 Four Seasons - Edition Spring",2011-123-four-seasons-edition-spring
1616,2010-08-06,2010-08-06,"2010 123 Four Seasons - Edition Summer",2010-123-four-seasons-edition-summer
1617,2011-08-06,2011-08-06,"2011 123 Four Seasons - Summer",2011-123-four-seasons-summer
1618,2011-07-15,2011-07-17,"2011 European Freestyle Championships",2011-european-freestyle-championships
1619,2011-02-12,2011-02-13,"2011 In den Hallen",2011-in-den-hallen
1620,2010-12-04,2010-12-05,"2010 "PlayorBite" Dk Open FreestyleDisc Sport Event",2010-playorbite-dk-open-freestyledisc-sport-event
1621,2011-09-24,2011-09-25,"2011 123 Four Seasons - Autumn",2011-123-four-seasons-autumn
1622,2011-08-10,2011-08-13,"2011 FPA World Championships-Freestyle's Premier Event!",2011-fpa-world-championships-freestyles-premier-event
1623,2011-08-27,2011-08-28,"2011 Paganello World Freestyle Challenge",2011-paganello-world-freestyle-challenge
1624,2011-04-22,2011-04-24,"2011 Virginia State Overall Championships",2011-virginia-state-overall-championships
1625,2011-04-15,2011-04-17,"2011 Frisbeer Cup",2011-frisbeer-cup
1626,2011-02-25,2011-02-27,"2011 Freestyle Jam Camp",2011-freestyle-jam-camp
1627,2011-01-15,2011-01-16,"2010 the baltic sunprayer week session",2010-the-baltic-sunprayer-week-session
1628,2011-07-07,2011-07-12,"2011 German Open",2011-german-open
1629,2011-06-16,2011-06-19,"2011 WFDF Overall Championships",2011-wfdf-overall-championships
1630,2011-07-18,2011-07-23,"2011 Mountain Alternative Open",2011-mountain-alternative-open
1631,2011-07-16,2011-07-17,"2011 The Jammers",2011-the-jammers
1632,2011-05-28,2011-05-31,"2011 AmsterJAM",2011-amsterjam
1633,2011-08-20,2011-08-21,"2012 EFC",2012-efc
1634,2012-06-23,2012-06-24,"2012 Italian National Freestyle Frisbee Championships",2012-italian-national-freestyle-frisbee-championships
1635,2011-05-21,2011-05-22,"2011 Roma 2.0 Fusion",2011-roma-2-0-fusion
1636,2011-04-02,2011-04-03,"2011 Rome 2.0 FusionFreestyle&UltimateTournament",2011-rome-2-0-fusionfreestyleultimatetournament
1637,2011-04-02,2011-04-03,"2011 Beach Stylers OB 11.11.11",2011-beach-stylers-ob-11-11-11
1638,2011-11-12,2011-11-13,"2011 JIK",2011-jik
1639,2011-11-12,2011-11-13,"2011 Go-Go-Spirit",2011-go-go-spirit
1640,2011-06-11,2011-06-12,"2011 Butch Cassidy Cup",2011-butch-cassidy-cup
1641,2011-04-01,2011-04-03,"2011 JAMpions League 2.1",2011-jampions-league-2-1
1642,2011-09-16,2011-09-18,"2011 Aeppler Jam",2011-aeppler-jam
1643,2011-09-17,2011-09-18,"2011 Jersey Jam Freestyle Frisbee Camp",2011-jersey-jam-freestyle-frisbee-camp
1644,2011-10-01,2011-10-02,"2011 LAZZARONI",2011-lazzaroni
1645,2011-10-23,2011-10-23,"2011 Frisco Beach",2011-frisco-beach
1646,2012-06-08,2012-06-10,"2012 German Championship",2012-german-championship
1647,2012-02-25,2012-02-26,"2012 Top event of freestyle winter!",2012-top-event-of-freestyle-winter
1648,2012-06-23,2012-06-24,"2012 Disc Summit",2012-disc-summit
1649,2012-04-13,2012-04-15,"2012 Virginia States",2012-virginia-states
1650,2012-04-06,2012-04-08,"2012 Paganello World Freestyle Challenge",2012-paganello-world-freestyle-challenge
1651,2012-01-07,2012-01-08,"2012 In den Hallen",2012-in-den-hallen
1652,2012-06-02,2012-06-03,"2012 The Jammers Championships",2012-the-jammers-championships
1654,2012-06-25,2012-06-30,"2012 US Open Overall",2012-us-open-overall
1655,2012-07-07,2012-07-08,"2012 Mountain Alternative Open-Boulder Colorado",2012-mountain-alternative-open-boulder-colorado
1656,2012-01-28,2012-01-28,"2012 123 Four Seasons - Edition Winter",2012-123-four-seasons-edition-winter
1657,2012-04-28,2012-04-28,"2012 123 Four Seasons - Edition Spring",2012-123-four-seasons-edition-spring
1658,2012-08-11,2012-08-11,"2012 123 Four Seasons - Edition Summer",2012-123-four-seasons-edition-summer
1659,2012-10-06,2012-10-06,"2012 123 Four Seasons - Edition Fall",2012-123-four-seasons-edition-fall
1660,2012-05-19,2012-05-20,"2012 Fusion 3.0 & CIF Italian FFBeach Championships",2012-fusion-3-0-cif-italian-ffbeach-championships
1661,2012-06-29,2012-07-01,"2012 10 Beach Ultimate and 3d Freestyle, Santa Marta",2012-10-beach-ultimate-and-3d-freestyle-santa-marta
1662,2012-04-21,2012-04-22,"2012 JAMpions League 3.0",2012-jampions-league-3-0
1663,2012-06-02,2012-06-03,"2012 HAT tournament + endless jamming",2012-hat-tournament-endless-jamming
1664,2012-07-20,2012-07-22,"2012 Baltic Sunprayer Session",2012-baltic-sunprayer-session
1665,2012-08-25,2012-08-26,"2012 Butch Cassidy Cup",2012-butch-cassidy-cup
1666,2012-08-02,2012-08-05,"2012 FPA World Championships",2012-fpa-world-championships
1667,2012-09-22,2012-09-22,"2012 Capoc-HAT-Tournament ROMA",2012-capoc-hat-tournament-roma
1668,2012-11-24,2012-11-25,"2013 JIK",2013-jik
1669,2013-02-09,2013-02-10,"2013 Frisbeer Cup - Czech open championships",2013-frisbeer-cup-czech-open-championships
1670,2013-01-05,2013-01-06,"2013 In den Hallen (Indoors)",2013-in-den-hallen-indoors
1671,2012-09-29,2012-09-30,"2012 WiesÂ´n Jam",2012-wiesan-jam
1672,2013-05-31,2013-06-02,"2013 German Freestyle Disc Championships",2013-german-freestyle-disc-championships
1673,2013-08-15,2013-08-18,"2011 FPA World Championships",2011-fpa-world-championships
1674,2013-01-26,2013-01-27,"2013 123 Four Seasons - Edition Winter",2013-123-four-seasons-edition-winter
1675,2013-09-06,2013-09-08,"2013 Spirit Camp - Freestyle, Ultimate and Golf",2013-spirit-camp-freestyle-ultimate-and-golf
1677,2013-04-27,2013-04-28,"2013 European Freestyle Championships",2013-european-freestyle-championships
1678,2013-04-12,2013-04-14,"2013 Virginia States",2013-virginia-states
1680,2013-03-28,2013-04-01,"2013 Paganello World Freestyle Challenge",2013-paganello-world-freestyle-challenge
1681,2013-07-06,2013-07-07,"2013 The Mountain Alternative Open",2013-the-mountain-alternative-open
1682,2013-08-24,2013-08-25,"2013 Butch Cassidy Cup - Freestyle meets Discdoggi",2013-butch-cassidy-cup-freestyle-meets-discdoggi
1683,2013-07-26,2013-07-27,"2013 WFDF World Overall Championships",2013-wfdf-world-overall-championships
1684,2013-02-23,2013-02-23,"2013 Wintershred",2013-wintershred
1685,2013-06-21,2013-06-23,"2013 Berlin Overall Session",2013-berlin-overall-session
1686,2013-08-16,2013-08-18,"2013 SandSlash Freestyle Beach Jam",2013-sandslash-freestyle-beach-jam
1687,2013-07-05,2013-07-06,"2013 Swedish Freestyle Championships",2013-swedish-freestyle-championships
1688,2013-07-22,2013-07-27,"2013 WFDF World Overall Flying Disc Championships",2013-wfdf-world-overall-flying-disc-championships
1689,2013-06-22,2013-06-23,"2013 Fu-Zion 4.0",2013-fu-zion-4-0
1690,2013-05-11,2013-05-12,"2013 123 Four Seasons Hat Tournament",2013-123-four-seasons-hat-tournament
1691,2013-09-27,2013-09-29,"2013 Oktoberfest-Jam / HAT Turnament",2013-oktoberfest-jam-hat-turnament
1692,2013-06-08,2013-06-09,"2013 Czech overall frisbee tournament",2013-czech-overall-frisbee-tournament
1693,2013-05-18,2013-05-18,"2013 World Beach Invitational Freestyle Championships",2013-world-beach-invitational-freestyle-championships
1694,2013-05-18,2013-05-18,"2013 The Jammers",2013-the-jammers
1700,2005-06-11,2005-06-11,"2005 Vagolino",2005-vagolino
1702,2002-07-14,2002-07-14,"2002 World Masters Overall Flying Disc Championships",2002-world-masters-overall-flying-disc-championships
1703,1985-02-20,1985-02-20,"1985 Oak Grove",1985-oak-grove
1712,2013-10-18,2013-10-20,"2013 Beach Stylers",2013-beach-stylers
1724,2011-08-09,2011-08-13,"2011 FPA World Championships",2011-fpa-world-championships
1725,2013-10-18,2013-10-20,"2013 Beach Stylers",2013-beach-stylers
1726,2013-10-18,2013-10-20,"2013 Beach Stylers",2013-beach-stylers
1729,2004-10-30,2004-10-31,"2004 29th Annual Arizona States Freestyle and Overall Tournament",2004-29th-annual-arizona-states-freestyle-and-overall-tournament
1731,2014-02-08,2014-02-09,"2014 FrisBeer Cup",2014-frisbeer-cup
1732,2014-07-13,2014-07-19,"2014 US Open",2014-us-open
1737,1974-06-29,1974-06-30,"1974 Octad",1974-octad
1739,2014-07-31,2014-07-31,"2004 Paganello",2004-paganello
1741,1974-01-01,1974-02-01,"1974 Canadian Open",1974-canadian-open
1742,2014-10-11,2014-10-12,"2014 BeachStylers",2014-beachstylers
1745,2014-07-30,2014-08-03,"2014 FPA World Championships",2014-fpa-world-championships
1753,1980-12-30,1980-12-30,"1980 Wham-O! I.F.A. North American Series Philadelphia",1980-wham-o-i-f-a-north-american-series-philadelphia
1755,2004-07-01,2004-07-01,"2004 FPA World Freestyle Frisbee Championships",2004-fpa-world-freestyle-frisbee-championships
1756,1981-12-30,1981-12-30,"1981 Wham-O! I.F.A. North American Series: Philadelphia",1981-wham-o-i-f-a-north-american-series-philadelphia
1762,2015-08-07,2015-08-09,"2015 American Freestyle Championships",2015-american-freestyle-championships
1763,2015-03-01,2015-03-01,"2015 Ocean Beach Wintershred",2015-ocean-beach-wintershred
1764,2015-04-04,2015-04-06,"2015 Paganello - 25 Anniversary Edition",2015-paganello-25-anniversary-edition
1765,2015-04-24,2015-04-26,"2015 JAMpionsleague",2015-jampionsleague
1766,2015-05-01,2015-05-03,"2015 Bibione Freestyle and Ultimate Italian OPEN Challenge",2015-bibione-freestyle-ultimate-italian-open-challenge
1767,2015-05-29,2015-05-31,"2015 European Freestyle Championships",2015-european-freestyle-championships
1768,2015-05-14,2015-05-17,"2015 German Championships",2015-german-championships
1771,2015-05-16,2015-05-17,"2015 - The Jammers and World Gitis Day",jammers-world-gitis-day-2015
1773,2015-09-04,2015-09-07,"2015 NW Beach Weekend",2015-nw-beach-weekend
1774,2015-06-20,2015-06-21,"2015 Bollenhut Freestyle Hat",2015-bollenhut-freestyle-hat
1775,2015-06-20,2015-06-21,"2015 AmsterJAM",2015-amsterjam
1777,2015-07-11,2015-07-11,"2015 Summer Edition - 123 FOUR Seasons HAT Tournament",2015-summer-edition-123-four-seasons-hat-tournament
1778,2015-07-18,2015-07-25,"2015 WFDF World Overall Championships",2015-wfdf-world-overall-chapionships
1779,2015-08-20,2015-08-23,"2015 Sandslash",2015-sandslash
1780,2015-08-29,2015-08-30,"2015 Butch Cassidy Cup",2015-butch-cassidy-cup
1781,2015-09-04,2015-09-06,"2015 Spiritcamp",2015-spiritcamp
1782,2015-09-25,2015-09-27,"2015 Wies'n Jam Oktoberfest",2015-wiesn-jam-oktoberfest
1783,2015-10-09,2015-10-10,"2015 AnzioJam",2015-anziojam
1786,2015-06-30,2015-07-01,"Heidelberg ZZZ-Sights and Jam Tour",heidelberg-zzz-sights-jam-tour
1787,2015-07-03,2015-07-05,"Sportfestival Weekend of Jams",sportfestival-weekend-jams
1788,2015-10-24,2015-10-25,"2015 Beach Stylers",2015-beach-stylers
1789,2015-06-25,2015-06-28,"2015 FPA World Championships",fpa-world-championships
1790,2015-09-25,2015-09-27,"2015 Summit & Sea",2015-summit-sea
1791,2015-07-18,2015-07-25,"2015 WFDF World Overall Championships",2015-wfdf-world-overall-championships
1792,2015-11-14,2015-11-15,"Jam Britannia",jam-britannia
1793,2016-01-09,2016-01-10,""In den Hallen 2016" Hat Tournament",den-hallen-2016-hat-tournament
1794,2015-12-05,2015-12-07,"LAZZARONI 2015",lazzaroni-2015
1795,2016-04-30,2016-05-01,"European Freestyle Open 2016",european-freestyle-open-2016
1796,2016-03-04,2016-03-06,"Frisbeer Cup 2016 - 10th anniversary",frisbeer-cup-2016-10th-anniversary
1797,2016-08-19,2016-08-21,"Sandslash 2016",sandslash-2016
1798,2016-07-04,2016-07-10,"2016 US OPEN Flying Disc Championships",2016-us-open-flying-disc-championships
1800,2016-05-13,2016-05-15,"German Freestyle Disc Championships 2016",german-freestyle-disc-championship-2016
1803,2016-04-15,2016-04-17,"40TH Annual Virginia State Frisbee championships",40th-annual-virginia-state-frisbee-championships
1804,2016-05-21,2016-05-22,"The Jammers 2016",jammers
1805,2016-03-19,2016-03-19,"123-four seasons - 2016 Spring Edition",123-four-seasons-spring-edition
1806,2016-03-25,2016-03-27,"Paganello Freestyle Challenge 2016",paganello-freestyle-contest-2016
1807,2017-07-01,2017-07-02,"Potlach 2017",potlach-2017
1808,2017-05-27,2017-05-28,"The Jammers 2017 - 20th edition!",jammers-20th-edition
1809,2016-06-25,2016-06-26,"AmsterJAM 2016",amsterjam-2016
1810,2016-11-12,2016-11-13,"JAM Britannia 2016",jam-britannia-2016
1811,2016-07-02,2016-07-03,"Potlach 2016",potlach-2016
1815,2016-09-15,2016-09-19,"Pirate's Picnic Freestyle Frisbee Weekend",pirates-picnic-freestyle-frisbee-weekend
1816,2016-09-01,2016-09-05,"NW Beach Jam Weekend 2016",nw-beach-jam-weekend-2016
1817,2008-02-16,2008-02-17,"2008 FRISBEER CUP - Czech Open",2008-frisbeer-cup-czech-open
1818,2016-06-04,2016-06-05,"Circles on Sounds Frisbie Festival",circles-sounds-frisbie-festival
1819,2016-10-14,2016-10-16,"Beachstylers 2016",beachstylers-2016
1820,2016-08-13,2016-08-14,"Minnesota Overall Flying Disc Championships",minnesota-overall-flying-disc-championships
1821,2016-06-10,2016-06-12,"Nbg Bridge Bash - Hut Tournament Nürnberg 2016",nbg-bridge-bash-hut-tournament-nurnberg-2016
1822,2016-06-11,2016-06-12,"Udine Frisbee Freestyle contest 2016",udine-frisbee-freestyle-contest
1823,2016-07-08,2016-07-10,"Sportfestival Weekend Munich",sportfestival-weekend-munich
1824,2016-07-16,2016-07-17,"123-four seasons - Summer Edition 2016",123-four-seasons-summer-edition-2016
1825,2016-10-07,2016-10-08,"Anzio Jam 2016",anzio-jam-2016
1827,2017-03-03,2017-03-05,"Frisbeer Cup 2017",frisbeer-cup-2017
1830,2016-08-06,2016-08-06,"FPA Freestyle World Championship 2016 - Finals",fpa-freestyle-world-championship
1831,2016-08-03,2016-08-05,"FPA FREESTYLE WORLD CHAMPIONSHIP 2016 – Preliminary rounds",fpa-freestyle-world-championship-2016-preliminary-rounds
1832,2016-09-23,2016-09-25,"Wies'n Jam (Oktoberfest Jam)",wiesn-jam-oktoberfest-jam
1833,2017-07-24,2017-07-29,"2017 WFDF World Overall Flying Disc Championships",wfdf-world-freestyle-overall-championship-2017
1834,2016-09-30,2016-10-02,"Summit & Sea 2016",summit-sea-2016
1835,2016-10-01,2016-10-01,"123 4 Seasons Hat - Fall Edition 2016",123-4-seasons-hat-fall-edition-2016
1836,2016-10-14,2016-10-16,"Ilka's & Dr.NoZ's Birthday Clash Cologne",ilkas-dr-nozs-birthday-clash-cologne
1837,2017-08-18,2017-08-20,"SandSlash 2017",sandslash-2017
1838,2016-12-17,2016-12-18,"Lazzaroni 2016 - The Team Battle Edition",lazzaroni-2016-team-battle-edition
1839,2017-01-07,2017-01-08,"In den Hallen 2017",den-hallen-2017
1840,2017-03-10,2017-03-12,"The First Jam Canaria - 2017",first-jam-canaria-2017
1842,2017-08-03,2017-08-06,"FPAW 2017",fpaw-2017
1843,2017-02-17,2017-02-19,"Puerto Rico Winter Jam 2017",puerto-rico-winter-jam-2017
1844,2017-02-04,2017-02-04,"123-4 seasons HAT tournament - Winter 2017",123-4-seasons-hat-tournament-winter-2017
1845,2017-07-15,2017-07-16,"AmsterJAM 2017",amsterjam-2017
1847,2017-04-29,2017-04-30,"20 years of Frisbee in Poland",20-years-frisbee-poland
1848,2017-11-11,2017-11-12,"JAM BRITANNIA 2017",jam-britannia-2017
1849,2017-06-02,2017-06-04,"Disc Days Cologne 2017",11471
1851,2017-09-22,2017-09-24,"Wies'n Jam 2017",wiesn-jam-2017
1853,2017-10-07,2017-10-08,"Anzio Jam 2017",anzio-jam-2017
1854,2017-06-09,2017-06-11,"American Freestyle Open 2017",american-freestyle-open-2017
1855,2017-07-01,2017-07-02,"German Freestyle Disc Championships 2017",german-freestyle-disc-championship-2017
1856,2017-10-13,2017-10-15,"Ilka's Birthday HAT Tournament 2017",ilkas-birthday-hat-tournament-2017
1857,2017-06-17,2017-06-17,"123-4 Season HAT Tournament - Edition Summer 2017",123-4-season-hat-tournament-edition-summer-2017
1858,2017-05-13,2017-05-14,"The Quest for the Black Fingernail 2017",quest-black-fingernail-2017
1859,2017-07-14,2017-07-16,"Nbg Bridge Bash - Hut 2017",nbg-bridge-bash-hut-2017
1860,2017-04-14,2017-04-16,"Paganello Freestyle Challenge 2017",paganello-freestyle-challenge-2017
1861,2017-04-21,2017-04-23,"Virginia States 2017",virginia-states-2017
1862,2017-06-09,2017-06-11,"Italian Open 2017",italian-open-2017
1863,2017-06-17,2017-06-17,"Krakow Jam 2017",krakow-jam-2017
1864,2017-06-23,2017-06-25,"Munich Mash 2017",munich-mash-2017
1865,2017-05-27,2017-05-28,"123-4 Season HAT Tournament - Spring 2017",123-4-season-hat-tournament-spring-2017
1866,2017-05-20,2017-05-21,"BelJam! 2017",beljam-2017
1867,2017-10-21,2017-10-22,"Beachstylers 2017",beachstylers-2017
1868,2017-10-21,2017-10-22,"123-4 Seasons HAT Tournament - Edition FALL 2017",123-4-seasons-hat-tournament-edition-fall-2017
1869,2018-08-01,2018-08-04,"FPAW 2018",fpaw-2018
1870,2018-03-09,2018-03-11,"Frisbeer Cup 2018",frisbeer-cup-2018
1871,2018-07-14,2018-07-15,"AmsterJam 2018",amsterjam-2018
1872,2017-09-17,2017-09-17,"Capocotta Hat Tournament 2017",capocotta-hat-tournament-2017
1873,2018-05-26,2018-05-28,"The Jammers 2018",the-jammers-2018
1874,2017-09-29,2017-10-01,"24a Copa Cittá di Milano",24a-copa-citta-di-milano
1875,2017-12-16,2017-12-17,"Lazzaroni 2017",lazzaroni-2017
1876,2018-02-17,2018-02-18,"In den Hallen 2018",11676
1877,2018-05-12,2018-05-13,"Kompakt-Overall 2018",kompakt-overall-2018
1878,2018-07-06,2018-07-08,"German Freestyle Disc Championship 2018",german-freestyle-disc-championship-2018
1879,2018-08-16,2018-08-19,"SandSlash 2018 - 10th edition",sandslash-2018-10th-edition
1880,2018-05-04,2018-05-06,"Black to the Forest",11698
1881,2018-06-16,2018-06-17,"FICO Frisbee Italian Championship Open",fico-frisbee-italian-championship-open
1882,2018-03-03,2018-03-03,"123 Four Seasons Hat Tournament // Winter Edition 2018",123-four-seasons-hat-tournament-winter-edition-2018
1883,2018-06-02,2018-06-02,"Capocotta HAT Tournament",capocotta-hat-tournament
1884,2018-05-19,2018-05-20,"BelJam 2018",beljam-2018
1885,2018-10-12,2018-10-14,"Ilka's and Graf's birthday HAT",ilkas-grafs-birthday-hat
1886,2018-06-22,2018-06-24,"Munich Mash 2018",munich-mash-2018
1887,2018-11-10,2018-11-11,"Jam Britannia 2018",jam-britannia-2018
1888,2019-03-01,2019-03-03,"Frisbeer Cup 2019",frisbeer-cup-2019
1889,2018-03-31,2018-03-31,"Israeli Freestyle Frisbee Championship 2018",israeli-freestyle-frisbee-championship-2018
1890,2018-07-26,2018-07-29,"European Freestyle Open 2018",european-freestyle-open-2018
1891,2018-09-08,2018-09-09,"JAM OR DIE - Freestyle Frisbee Contest",jam-or-die-freestyle-frisbee-contest
1892,2018-09-28,2018-09-30,"Summit & Sea 2018 - 5th Edition",summit-sea-2018-5th-edition
1893,2018-09-21,2018-09-23,"Coppa città di Milano 2018 - 25th edition",coppa-citta-di-milano-2018-25th-edition
1894,2018-10-06,2018-10-07,"Beachstylers 2018",beachstylers-2018
1896,2019-07-20,2019-07-21,"AmsterJAM 2019",amsterjam-2019
1897,2018-09-28,2018-09-30,"Wies'n Jam 2018 (Oktoberfest Tournament)",wiesn-jam-2018-oktoberfest-tournament
1898,2018-08-18,2018-08-18,"Israel's 5th Kova (HAT)",israels-5th-kova-hat
1899,2019-05-25,2019-05-26,"Kompakt-Overall Bielefeld 2019",kompakt-overall-bielefeld-2019
1900,2018-12-15,2018-12-16,"Lazzaroni 2018",lazzaroni-2018
1901,2019-05-17,2019-05-19,"The JAMMERS 2019",the-jammers-2019
1902,2019-05-31,2019-06-02,"German Freestyle Disc Championship 2019",german-freestyle-disc-championship-2019
1903,2018-11-02,2018-11-04,"Golden Gate Shred 2018",golden-gate-shred-2018
1904,2018-10-27,2018-10-27,"123 Four Seasons Hat Tournament // Fall Edition 2018",123-four-seasons-hat-tournament-fall-edition-2018
1905,2019-03-08,2019-03-10,"HolyJam 2019",holyjam-2019
1906,2019-07-08,2019-07-13,"2019 World Overall Flying Disc Championships",2019-world-overall-flying-disc-championships
1907,2019-04-26,2019-04-28,"VA States 2019 - Overall tournament",va-states-2019-overall-tournament
1908,2019-04-20,2019-04-22,"Paganello 2019",paganello-2019
1909,2019-02-02,2019-02-03,"In den Hallen 2019",in-den-hallen-2019
1910,2018-11-17,2018-11-17,"Israel's Freestyle Frisbee Kova #6 (HAT) Tournament",israels-freestyle-frisbee-kova-6-hat-tournament
1911,2019-08-16,2019-08-18,"Viking jam 2019",viking-jam
1912,2019-10-05,2019-10-06,"Anzio Jam 6",anzio-jam-6
1914,2019-10-10,2019-10-13,"FPAW 2019",fpaw-2019
1915,2019-08-10,2019-08-10,"Cranbury Jam 3",cranbury-jam-3
1916,2019-08-23,2019-08-25,"Trnava Frisbee Games 2019",trnava-frisbee-games-2019
1917,2019-01-12,2019-01-12,"City versus City - New York vs Medellin [online competition]",city-versus-city-new-york-vs-medellin-online-competition
1918,2019-01-26,2019-01-26,"City versus City - Berlin vs Bologna [online competition]",city-versus-city-berlin-vs-bologna-online-competition
1919,2019-02-09,2019-02-09,"CITY VERSUS CITY 2019 – FINALS [ONLINE COMPETITION]",city-versus-city-2019-finals-online-competition
1920,2019-02-23,2019-02-23,"123 Four Season Berlin Hat - Edition Winter 2019",123-four-season-berlin-hat-edition-winter-2019
1921,2019-04-27,2019-04-28,"Bibione Beach Challenge 2019",bibione-beach-challenge-2019
1922,2019-06-07,2019-06-09,"Italian Freestyle Open 2019",italian-freestyle-open-2019
1925,2019-06-21,2019-06-23,"SunSlash SandRise - part 1",sunslash-sandrise
1927,2019-08-23,2019-08-25,"SunSlash SandSet - part 2",sunslash-sandset
1928,2019-04-27,2019-04-27,"123 4 Seasons Spring Hat Tournament",123-4-seasons-spring-hat-tournament
1929,2019-10-19,2019-10-19,"Ilka's Birthday HAT",ilkas-birthday-hat
1930,2019-09-13,2019-09-15,"World Urban Games 2019",world-urban-games-2019
1931,2019-09-28,2019-09-29,"Beach Stylers 2019",beach-stylers-2019
1932,2019-09-21,2019-09-22,"26^ Coppa città di Milano",26-coppa-citta-di-milano
1933,2019-06-28,2019-06-30,"Munich Mash 2019",munich-mash-2019
1934,2019-06-29,2019-06-29,"Israeli Kova #8 (Hat) Tournament - Spring edition 2019",israeli-kova-8-hat-tournament-spring-edition-2019
1935,2019-07-27,2019-07-27,"123 Four Seasons Hat Tournament // Summer Edition 2019",123-four-seasons-hat-tournament-summer-edition-2019
1936,2020-07-25,2020-07-25,"AmsterJam 2020",amsterjam-2020
1937,2020-03-13,2020-03-15,"Frisbeer Cup 2020",frisbeer-cup-2020
1938,2019-09-27,2019-09-29,"Wies'n Jam 2019 - Oktoberfest Tournament",wiesn-jam-2019-oktoberfest-tournament
1939,2019-09-21,2019-09-21,"Sheep Meadow Guerilla Hat",sheep-meadow-guerilla-hat
1940,2019-11-16,2019-11-17,"Jam Britannia 2019",jam-britannia-2019
1941,2020-05-30,2020-05-31,"BelJam 2019",beljam-2019
1942,2020-05-23,2020-05-25,"Jammers 2020",jammers-2020
1943,2020-06-05,2020-06-07,"Disc Days Cologne 2020 - German Championships",disc-days-cologne-2020
1944,2020-10-16,2020-10-18,"Ilka's Birthday HAT 2020",ilkas-birthday-hat-2020
1945,2020-01-04,2020-01-05,"In den Hallen 2020",in-den-hallen-2020
1946,2020-08-20,2020-08-23,"Sandslash 2020",sandslash-2020
1947,2020-03-20,2020-03-21,"Your Jam is Waiting HAT 2020",your-jam-is-waiting-hat-2020
1948,2020-06-27,2020-06-28,"Once In A Life Time Midnight Sun Beach Jam",once-in-a-life-time-midnight-sun-beach-jam
1949,2020-09-02,2020-09-05,"FPA World Championships 2020 - Tel Aviv",fpaw-2020
1950,2020-07-11,2020-07-18,"Freestyle Development Event @ WFDF World Ultimate and Guts Championships",freestyle-development-event-wfdf-world-ultimate-and-guts-championships
1951,2020-10-01,2020-10-07,"Freestyle Development Event @ TAFISA World Sport for All Games",freestyle-development-event-tafisa-world-sport-for-all-games
1952,2020-01-17,2020-01-18,"Torneo Juntos Es Mejor Freestyle Frisbee 2020",torneo-juntos-es-mejor-freestyle-frisbee-2020
1953,2020-05-02,2020-05-03,"Anzio Spring Jam",anzio-spring-jam-tbc
1954,2020-08-07,2020-08-08,"US Open Overall Flying Disc Championships",us-open-overall-flying-disc-championships
1955,2020-08-13,2020-08-16,"EFO 2020 - Trnava Frisbee Games",efo-2020-trnava-frisbee-games-tentative-date
1956,2020-10-03,2020-10-04,"Anzio Jam 7",anzio-jam-7
1957,2020-04-25,2020-04-26,"ITALIAN FREESTYLE OPEN 2020",italian-freestyle-open-2020
1958,2020-04-24,2020-04-26,"44th VA States",44th-va-states
1959,2020-06-05,2020-06-06,"Trento Frisbee Festival",trento-frisbee-festival
1960,2020-11-14,2020-11-15,"Jam Britannia 2020",jam-britannia-2020
1961,2020-02-08,2020-02-08,"123-Four Seasons Hat Tournament - Winter Edition 2020",123-four-seasons-hat-tournament-winter-edition-2020
1962,2020-09-12,2020-09-13,"27^ Coppa Città di Milano",27-coppa-citta-di-milano
1963,2020-05-21,2020-05-24,"Jamvention Freiburg",jamvention-freiburg
1964,2020-09-19,2020-09-20,"Vicenza FrisBeat",vicenza-frisbeat
1965,2020-07-04,2020-07-05,"SunBreak 2020",sunbreak-2020
1966,2020-08-01,2020-08-02,"Cranbury Jam 4",cranbury-jam-4
1967,1984-07-21,1984-07-22,"1984 FPA freestyle frisbee world championships",1984-fpa-freestyle-frisbee-world-championships
1969,1984-07-01,1984-07-02,"1984 World Disc Games freestyle frisbee championships",1984-world-disc-games-freestyle-frisbee-championships
1970,1988-07-23,1988-07-24,"1988 FPA freestyle frisbee world championships",1988-fpa-freestyle-frisbee-world-championships
1971,1989-07-13,1989-07-14,"1989 US Open Freestyle Frisbee Championships, La Mirada",1989-us-open-freestyle-frisbee-championships-la-mirada
1972,1991-09-01,1991-09-02,"1991 WFDF World Freestyle Frisbee Championships",1991-wfdf-world-freestyle-frisbee-championships
1973,1983-08-06,1983-08-11,"1983 World Disc Championships",1983-world-disc-championships
1974,1991-07-14,1991-07-15,"1991 FPA World Freestyle Frisbee Championships",1991-fpa-world-freestyle-frisbee-championships
1975,1984-06-27,1984-07-01,"1984 US Open Frisbee Championships - Freestyle",1984-us-open-frisbee-championships
1976,1984-01-01,1984-01-01,"1984 Worlds Indoors",1984-worlds-indoors
1977,1985-08-14,1985-08-16,"1985 US Open Frisbee Championships",1985-us-open-frisbee-championships
1979,1986-01-01,1986-01-01,"1986 World Indoor Freestyle Frisbee Championships",1986-world-indoor-freestyle-frisbee-championships
1980,1986-01-02,1986-01-02,"1986 FPA World Freestyle Frisbee Championships",1986-fpa-world-freestyle-frisbee-championships
1981,1986-01-03,1986-01-03,"1986 US Open Frisbee Championships",1986-us-open-frisbee-championships
1982,1988-01-10,1988-01-10,"1988 US Open Frisbee Championships",1988-us-open
1983,1989-02-01,1989-02-01,"1989 FPA Freestyle Frisbee World Championships",1989-fpa-freestyle-frisbee-world-championships
1984,2013-08-14,2013-08-15,"2013 FPA World Freestyle Frisbee Championships",2013-fpa-world-freestyle-frisbee-championships
1985,2009-08-26,2009-08-28,"2009 FPA World Freestyle Frisbee Championships",2009-fpa-world-freestyle-frisbee-championships
1986,2013-08-14,2013-08-15,"2013 FPA World Freestyle Frisbee Championships",2013-fpa-world-freestyle-frisbee-championships-2
1987,2021-10-17,2021-10-17,"Cranbury Jam 5",cranbury-jam-5
1988,2021-06-05,2021-06-05,"Kova #10 - Israjammers Hat (Spring edition)",kova-10-israjammers-hat-spring-edition
1989,2021-10-30,2021-10-31,"Primer Campeonato Mexicano de Freestyle: Rumbo al Mictlān",primer-campeonato-mexicano-de-freestyle-rumbo-al-mictlan
1991,2021-08-20,2021-08-22,"SandSlash Dębki 2021",sandslash-debki-2021
1992,2021-07-17,2021-07-18,"AmsterJam 2021",amsterjam-2021
1993,2022-07-16,2022-07-17,"AmsterJam 2022 (20th anniversary!)",amsterjam-2022-20th-anniversary
1994,2021-08-28,2021-08-28,"123-Four Seasons HAT Tournament - Summer Edition 2021",123-four-seasons-hat-tournament-summer-edition-2021
1996,2022-02-25,2022-02-27,"Frisbeer Cup 2022",frisbeer-cup-2022
1999,2021-10-16,2021-10-18,"Golden Gate Shred 2021",golden-gate-shred-2021
2000,2021-12-03,2021-12-05,"Gran Jam '21",gran-jam-21
2001,2021-12-04,2021-12-05,"Jam Diego",jam-diego
2002,2021-10-02,2021-10-03,"Anzio Jam 8",anzio-jam-8
2003,2022-06-18,2022-06-19,"II Mosquito Hat Tournament",ii-mosquito-hat-tournament
2004,2022-09-24,2022-09-24,"29^ Coppa Città di Milano",29-coppa-citta-di-milano
2005,2021-12-04,2021-12-05,"Junior Indie Freestyle Disc Championships",junior-indie-freestyle-disc-championships
2006,2021-12-25,2021-12-25,"Israeli Freestyle Championship 2021",israeli-freestyle-championship-2021
2009,2022-12-16,2022-12-18,"Gran Jam '22",gran-jam-22
2012,2022-05-26,2022-05-29,"Jamvention 2.0.",jamvention-2-0
2014,2022-06-24,2022-06-26,"Munich MASH",munich-mash
2015,2022-05-28,2022-05-30,"The Jam (formerly The Jammers)",the-jam-formerly-the-jammers
2016,2022-09-21,2022-09-24,"FPA WORLDS 2022 - MILANO",fpa-worlds-2022-tel-aviv
2017,2022-04-16,2022-04-17,"Paganello Freestyle Challenge",paganello-freestyle-challenge
2018,2022-10-01,2022-10-02,"Anzio Jam 9",anzio-jam-9
2019,2022-05-14,2022-05-15,"Anzio Spring Jam 2022",anzio-spring-jam
2020,2022-11-12,2022-11-13,"Jam Britannia 6",jam-britannia-6
2021,2022-12-16,2022-12-18,"Gran Jam 2022",gran-jam-2022
2022,2023-02-24,2023-02-26,"Frisbeer Cup 2023",frisbeer-cup-2023
2023,2022-11-25,2022-11-27,"1st Twin City Warsaw/Berlin Jam-Conference",1st-twin-city-warsaw-berlin-jam-conference
2024,2022-10-14,2022-10-16,"123Four Season Hat Tournent Autumn Edition",123four-season-hat-tournent-autumn-edition
2025,2023-06-03,2023-06-04,"The Jam",the-jam
2026,2023-01-21,2023-01-22,"Juntos Es Mejor 3",juntos-es-mejor-3
2027,2023-02-18,2023-02-19,"123-FOUR Seasons Hat Tournament –  Winter Edition 2023",123-four-seasons-hat-tournament-winter-edition-2023
2028,2023-03-18,2023-03-19,"YJIW 2023",yjiw
2029,2023-04-15,2023-04-16,"German Open 2023",german-open-2023
2031,2023-07-22,2023-07-23,"AmsterJAM 2023",amsterjam-2023
2032,2023-09-22,2023-09-24,"Oktoberfest Tournament ("Wies'n Jam")",oktoberfest-tournament-wiesn-jam
2034,2023-08-21,2023-08-27,"FPA World Championships",fpa-world-championships-2
2035,2023-06-30,2023-07-02,"Munich Mash 2023",munich-mash-2
2036,2023-05-20,2023-05-21,"The Jam Session - Munich",the-jam-session-munich
2037,2024-01-06,2024-01-07,"Gran Jam '24",gran-jam-24
2038,2024-02-23,2024-02-25,"Frisbeer Cup 2024",frisbeer-cup-2024
2039,2023-06-23,2023-06-25,"Trentino Mountain Jam",trentino-mountain-jam
2040,2023-08-05,2023-08-06,"VIKING JAM 2023",viking-jam-2023
2041,2023-09-24,2023-09-24,"The 7th Annual Cranbury Jam",the-7th-annual-cranbury-jam
2042,2023-07-14,2023-07-16,"1234 seasons Berlin hat tournament - summer edition",1234-seasons-berlin-hat-tournament-summer-edition
2043,2024-02-17,2024-02-17,"123-4 Season HAT tournament - Winter 2024",123-4-season-hat-tournament-winter-2024
2044,2024-05-25,2024-05-26,"The Jam Session vol. 2",the-jam-session-vol-2
2045,2024-08-14,2024-08-18,"FPAW 2024 - Warsaw",fpaw-2024-warsaw
2046,2024-08-23,2024-08-25,"Sandslash 2024",sandslash-2024
2047,2024-06-22,2024-06-23,"German Championships 2024",german-championships-2024
2048,2024-02-17,2024-02-18,"Torneo di S. Valentino",torneo-di-s-valentino
2049,2024-02-17,2024-02-18,"123-4 Berlin HAT - Winter 2024",123-4-berlin-hat-winter-2024
2050,2024-03-22,2024-03-24,"YJIW 2024",yjiw-2024
2051,2024-03-30,2024-03-31,"Paganello 2024",paganello-2024
2052,2024-04-19,2024-04-21,"VA States 2024",va-states-2024
2053,2024-05-11,2024-05-12,"Anzio Spring Jam 3",anzio-spring-jam-3
2055,2024-05-23,2024-05-27,"The Jam 2024",the-jam-2024
2056,2024-07-25,2024-07-27,"AmsterJAM 2024",amsterjam-2024
2057,2024-09-06,2024-09-08,"Summit & Sea 2024",summit-sea-2024
2058,2024-09-20,2024-09-22,"Coppa Citá di Milano 2024",coppa-cita-di-milano-2024
2060,2024-10-05,2024-10-06,"Anzio Jam 11",anzio-jam-11
2061,2024-08-02,2024-08-04,"Viking Jam 2024",viking-jam-2024
2062,2024-07-28,2024-07-28,"Toronto Summer Jam",toronto-summer-jam
2063,2024-10-19,2024-10-20,"Ilka's birthday hat tournament",ilkas-birthday-hat-tournament
2064,2024-08-30,2024-09-01,"South Side Battle",south-side-battle
2065,2024-09-27,2024-09-29,"Wies'n Jam",wiesn-jam
2068,2025-05-24,2025-05-26,"The Jam/The Jammers",the-jam-3
2069,2025-02-01,2025-02-01,"123-4 SEASON HAT TOURNAMENT - WINTER EDITION 2025",123-4-season-hat-tournament-winter-edition-2025
2070,2025-03-07,2025-03-09,"Frisbeer Cup 2025",frisbeer-cup-2025
2071,2025-04-04,2025-04-06,""Your Jam Is Waiting" (YJIW)",your-jam-is-waiting-yjiw
2072,2025-04-18,2025-04-20,"32nd Paganello Freestyle Challenge",32nd-paganello-freestyle-challenge
2073,2025-04-25,2025-04-27,"49th Annual Virginia States",49th-annual-virginia-states
2074,2025-05-17,2025-05-18,"Anzio Spring Jam 4",anzio-spring-jam-4
2075,2025-07-17,2025-07-20,"18th German Championships",18th-german-championships
2076,2025-07-26,2025-07-27,"AmsterJam 2025",amsterjam-2025
2077,2025-07-26,2025-07-27,"Meadow Hat 2025",meadow-hat-2025
2078,2025-07-30,2025-08-03,"44th FPA World Championships",44th-fpa-world-championships
2080,2025-08-22,2025-08-24,"Sandslash 2025",sandslash-2025
2081,2025-10-05,2025-10-05,"Anzio Jam 12",anzio-jam-12
2082,2025-10-17,2025-10-19,"Ilka's Hat Tournament",ilkas-hat-tournament
2083,2025-08-08,2025-08-10,"Viking Jam 2025",viking-jam-2025
2084,2025-01-18,2025-01-20,"Juntos Es Mejor 2025",juntos-es-mejor-2025
2085,2025-09-19,2025-09-21,"32^ Coppa Città di Milano",32-coppa-citta-di-milano
2086,2025-07-12,2025-07-13,"AmsterJam Part 1",amsterjam-part-1
2087,2015-06-26,2025-06-30,"FPAW 2015",fpaw-2015
2088,2025-08-22,2025-08-22,"FPAW 2015 Coop",fpaw-2015-2
2089,2025-03-13,2026-03-15,"Frisbeer Cup 2026",frisbeer-cup-2026
