2,dfafa7a0-5890-4459-9b27-3258c5b1195a
3,06f6dc2b-2051-46e8-8a0a-7cddb3e4dc0f
4,eb8f7e3a-5208-499a-b147-b100fd87647a
5,cc1a3932-9539-47df-ac77-4db967f93196
6,d31c18f3-06b6-40e2-844b-db4f4e99c333
7,4d208fa9-1084-4c68-b430-0672111915cc
8,2d5570ef-8b40-4d73-b512-c253b033e732
9,d9590115-3389-4d04-a6df-826f55f7e4b5
10,80fa8e7f-0cee-4bfc-a94c-16a025a0a463
11,906c4250-af8b-49aa-a7f7-803366428ddb
12,f7857e5b-bb60-4f87-8125-747eb2f03aad
13,d2b72481-1c06-47ac-9baa-028a8a989160
14,c53e7c36-da64-477a-8e5b-9850bcb715a0
15,be6a2170-95dc-48f1-a390-e78c972a0b1f
16,ae0b6fea-80ba-422f-83fe-646bb295de73
17,677ce12c-dbee-4f75-945e-36e54ab4af1e
18,36fbba20-8c6c-43de-bd93-25f12386d2f7
19,0dfb268d-45f0-4349-9da6-13ce287847d7
20,d44470cc-b97f-4945-9e93-33b99e313e02
21,f33f510a-e8ef-4a57-9afe-8860b5c0c7ac
22,37a5de16-cdf6-41a5-807c-08c45b72323d
23,67fc139e-a46c-41e9-b948-99d34a2accce
24,99f10bc5-2e3f-42e9-89d7-1a16c74818df
25,dfe77dca-914a-45a0-b209-c50582852a9f
26,7d0eabe3-44ce-4727-8e09-7e25a7e0cb54
27,3b852bb5-712e-43bc-a0eb-0b4369d37ae1
28,178715fc-130e-468b-86d6-c0d3edacbbf1
29,e8f283da-acd8-4f8c-b353-fb041f9eb0cb
30,b11f841e-4da1-43c1-888a-1471d0d4e7be
31,174fb21f-fcdf-446f-909c-b442f5283428
32,63a5adf3-fb9f-4f77-b58a-67484c252647
33,f884675f-11d6-46d9-b32f-52dddc79a54d
34,c25220b5-cb64-40a3-af34-0d8f4eb0df81
35,7e44b265-5e1a-4ead-b700-b0111f9dd933
36,c1ea0cf8-e80b-4e5d-a6df-eab7bcaf7d00
37,6b26b088-8749-419b-8dca-4c09f8831e2b
38,2a49a519-b853-443c-9b20-b018230bf86e
39,8aaeb521-3ccd-484a-9e1d-71d2a84cff2c
40,fc18eea3-0d7b-4be1-a2f0-5eb8a6fd194f
41,180806e9-3c18-4bd4-9306-51349143af8a
42,93936e0b-f25c-4c49-92fd-e6c3d5a26fcd
43,b2ae2be4-ea47-4d08-a0e1-ab4c946f26dc
44,172f8e38-238a-4480-b301-e490df1591c8
45,bbfc692d-f176-499b-b73f-b13486255abc
46,b89232d2-2bad-4d57-8eb7-c3c66903638e
47,d3758e03-243f-40b2-90ce-4ef686f0f615
49,a295c542-5860-4b9e-a059-37b35b330b71
50,02e12cd6-674a-4217-9c27-eef0346406b1
51,6748f525-709b-480e-82e6-08c58fd51110
52,2e5df75d-64ae-41bc-9d0d-fd79087e59b4
53,a61fbedc-3b5b-41a5-b3c3-9ca98e422f6e
54,fd0872f8-92e5-42bd-9162-e9178bd6ba71
55,ef1db347-b9f6-4819-9aa4-469852d71a89
56,da9adb3c-5b79-48e6-9d57-335c6ba332cb
57,9b501803-ce51-4f84-ae04-1f0ad4c8f9f6
58,5725a377-79af-4d47-8e6d-c5bcc8d421c0
59,5e898f7b-2da4-4f4d-96cf-118ccafb0b83
60,de2279ed-353f-464a-b31a-ee3bf8b85e0a
61,1230831a-2366-4513-9ffa-68f83fd00399
62,80fc0ac7-6dcf-4c92-b42d-a0ae01c16e0d
63,77cbc268-9625-4a99-aea1-cd31d2b46a0c
64,e42f8484-6f5f-4dc2-aa56-1af69ab0df25
65,c3cdb424-03b2-4b99-9bad-3322c0754747
66,c9f9d9b1-7f0a-4b74-8645-d5895d16d130
67,377e3362-4644-47f6-9a93-7ed39398ed94
68,cf65dd88-5efd-4258-866a-c36020f3e27e
69,df4c94be-7211-474c-9f4d-c2135e7fbbf3
70,80688c09-798b-4a50-a07d-67696206a863
71,a8873a3a-59aa-4d45-981f-caed749699f8
72,6e9e66a7-dab0-493a-8d2a-dc695505295a
73,f7840dc8-d64b-476b-aad1-2a18f04c07c2
74,f138cb84-8e39-486c-8578-08216c7ee251
75,36061ee8-0710-4b51-83b2-6abc4c775fb3
76,2a39ddcb-e831-4d2a-9634-7424358e0115
77,c5bc9b5d-df0d-4840-ab77-761bc58caf8f
78,518fdc5f-0276-4edf-97de-7e4df6726532
79,dd8b3582-7cfc-400f-89ca-646b097b272c
80,e2bb82c3-9d27-4680-ab52-661c02cc80df
81,7673247e-ba64-4e20-948f-41f3a6023f04
82,77208948-27c2-45f0-8906-aacc45fdccd5
83,1f16f2db-c807-4991-b6e0-117f03665631
84,54178003-1c97-43b9-bce0-7b09a0d87917
85,867e71c1-5c63-4066-a56b-085a20e98e55
86,a4db3369-58c0-498c-a302-690b058e937f
87,afd307d2-3b13-4bf4-bebc-320c7b0607c1
88,109fdc77-1ef9-470e-a455-dc22b8c616ce
89,66fe6411-ac25-4760-afd6-5a6ee6a88794
90,3bc6ea5d-a434-4faa-b223-d142e8df471b
91,0c2b75e3-af10-49dd-94d6-cb00d602c400
92,dc205cc1-df79-4bd4-aa76-f6e1d5a313b1
93,a8be0821-6f88-4591-8054-c74bcac06fc0
94,fead8698-0aaa-42d3-8eb3-ce7abbd56ba1
95,35287165-1b45-4dfe-984c-d5deecc0f078
96,238af5da-6a31-40fb-85d0-7445b83c7e6c
97,96481a84-e983-4db7-bf9d-13b95d07d618
98,31572559-d326-4523-899a-a1bba12d1d49
100,fea8d8ed-5b9b-4c7b-91d3-4ed2b8953906
101,a410eaf6-f1c1-4179-b81e-d3efaf9007e2
102,0f93556b-4857-4c04-9171-43b8b47facc4
103,7f46deb5-ae75-4aa0-a004-23f899427c02
104,06a20564-8f9f-4931-8cfd-35b3c64d4b3a
105,c8a8b990-05f7-489d-a612-938e534caea3
106,46781b2f-cf05-43c1-a4dc-6614d8e0cbdd
107,cb664edf-55f1-447e-92cb-a954b41a4d09
109,0e7351c4-a6d3-4ed9-8dae-ea837b8801e1
110,b751e7a4-e817-4237-ab6c-85b86c1f0c0b
111,61edbad8-3c75-4968-b04b-86a01ed1bb33
112,c6d6811d-d30f-481b-bdf8-3d0db37cd852
113,759aa17f-4312-46fe-b257-46b88e1a36f9
114,c7e4ab00-17b8-4b8c-ab50-0859a206281d
115,f60ec867-aa9a-46ac-9690-0e8aafc24485
116,48666bb6-07ad-4742-8d37-37ec6890e533
117,dbd8458f-b554-4bb7-a827-a2853c775f0a
118,76b80404-db76-4dee-952a-018cb4052c48
119,5f063d13-50fb-4d49-9920-fad82292daa4
120,e17f234e-0291-4f33-8d32-3584ab55e636
121,b704fc2d-6ae6-4ed4-8e68-4e5c70c35cf4
122,cc078bea-6349-4bb1-aa09-15bdfc35d642
123,57412092-b878-4b00-98e6-81d3c9e00d54
125,f83f82a2-c1d3-454b-aed2-891e578d057f
126,48d8ab2b-6ff9-446b-95c6-23c16d92dff8
127,4a61e5bc-e11c-4854-b878-6a641e9e1a87
128,e7d5b555-a81b-42c0-a3ca-b0dc650147a0
129,f0b10c65-6e1f-4fb8-b416-c745b5c8c377
130,bf78e95e-4994-40cd-95cc-c4bfc55784f4
131,9fe6cc7b-e10e-43ef-9d77-b7b33f39362a
132,a43c5b00-0d4c-47a3-bb5d-d62bb058c8ed
133,8176d9f7-6cc4-4c39-88ec-4c1bd9fc2bd8
134,ffd11926-a53b-4a15-b55b-b2bb450d031f
135,3a6aa537-8d6d-474a-9c85-3ba1e5c36d80
136,1e3049b0-d3fc-4604-aae2-5983caeea773
137,959ad0b7-d78a-4a36-9bdd-8b34e8c420eb
138,4d878d1d-756a-4f36-a78a-b1a4587cc9b3
139,75e87f71-be86-4bbc-b911-c49fbaa9994a
140,ae1c09f5-9b5e-4070-b5a8-67db32fb1098
141,c1af739b-6046-4a76-931c-2dd974862fc2
142,4c7421c4-e703-40a2-a8f6-2e14a2f42ec4
143,14e0c220-8f99-42d6-91a3-50143ff3d019
144,68f71193-9cd0-420c-ad4d-b6ec1a62ee48
146,440a0429-aef3-4d3f-9486-1e015e57be2e
147,c7374bad-181c-4d85-bbd7-382a1faf931c
148,a8b42bcd-6d3f-488c-b595-768c937a62af
149,44f0cdd8-30b3-4c04-aa05-35eb8dc0a07d
150,b3a66c8b-70d3-4c7d-84ea-fb47528f7f0f
151,acf8009b-3a59-421d-a374-72f53570b1a6
152,96c8863a-00ff-4b0c-9539-69ce9985c9d8
153,40fba8fc-fd12-4d60-8f68-5b4783fd3b65
154,1099aba8-8b3d-416e-83d5-fa087d232ff3
155,48b73138-991b-45d9-b0cd-0a7d3ecb2622
157,110bf33a-f981-40ca-ac45-d7309713cf31
158,f04b8354-d65c-4344-9034-ed45ad8943f5
159,3db98eb1-2f27-4db2-94af-0316e98afcb6
160,166fbe47-a9c6-4b99-b529-7bbab8553796
161,cc82ed8b-0400-4122-80dd-a756bc987329
162,8a6a051c-6fa5-4292-a601-7e8de51ac84e
163,a83a4856-6e14-48d6-8fae-1dac03610b7c
164,aceb6c6a-125b-4aa6-a033-da7db203616c
165,6ee32aa7-1320-44c5-a018-93a38b1108bf
166,dba76dba-9589-46a0-a7ed-89a4fdb1c201
167,720e950b-8870-4804-a9d9-ce7824ef7dd6
168,1ed81368-7e9c-454b-b325-1279acc16f29
169,25bd04aa-000f-4369-b23d-0cf727946d09
170,b1510d76-5ca2-4ffa-9db3-6f1d62e36d6b
171,c56b1602-a3ba-478e-a559-96ce3f71e3ca
172,86accf13-e095-4afe-b836-d0681e4cc460
173,b9443324-602a-49f0-8f20-3dc5a227afe0
174,b823b979-bd19-4498-826a-e27ebd6abe78
175,d9c2d87c-8236-4efe-94df-b07d57e7c20d
176,cfed3aea-099a-4405-abaf-469e65182831
177,8263c243-b81f-4403-ae29-8ac9f90eaf85
178,9827c00c-d52a-4e03-b0bd-cffe3c7a220c
179,f38f94ad-d545-48d5-9a01-73bbe63d70e3
180,f5ed5d3a-6ef3-4cec-b78a-2033f40bcbe0
181,f618208c-c2a9-4a3c-91e7-c0c2ea4e3ca5
182,07a4a7f7-fac2-4b09-ae16-50bbe0a7ff38
183,c0372092-a389-455c-a52b-21b6daa1a77d
184,585c222e-318d-487f-98c4-33bd4ee3501c
185,2d220177-28b1-4c36-b57e-35334e926e7c
186,0d09738c-eb60-457c-bd37-8d2daac4032f
187,7b0fbb82-077e-4103-9b50-2551e0931973
188,173291b2-8137-44a3-8a73-6d5776cac2e5
189,d77fec0f-bae6-431e-854a-f3d590f3d5fa
190,904b8cbd-e05d-4888-827a-2a33b7ab93b7
191,c6350aae-d54d-4f72-910b-34e135d81e96
192,47b0bb0f-ae0f-481b-8ac8-ce20ae01ad93
193,3b7edbdb-dc9d-4be3-bfbc-8e98ec33be36
194,3effd3bc-fa6f-41e5-b23e-863ece1a367c
195,045ee4af-ff30-48f6-8c71-a78d57fe3c28
196,450e01e6-a85d-406f-b579-0cf2a6345182
197,1c397b9f-cfa8-4d7c-8234-fe9d6f6d5288
198,bafed01d-d3c8-4e27-bcf2-d97a49ab0590
199,09840ec5-29ef-4b11-b0df-150b3fb3c2aa
200,a330c396-7e28-4b17-9813-a712feb66193
201,175d0ab2-50bc-4f4b-a0bb-7ff462fd8b81
202,a2d12d16-5db2-4ab1-b80c-846ea13f826e
203,c2cafabf-1ef4-4323-8ac8-a063261269dc
204,50602768-2dfc-414a-8a34-4cef7c6285bc
205,c6652a4a-f8e7-4fcc-996d-67a7ac0e53b6
206,b2b6d2a2-a8e7-408f-8fd7-4f9dbaa1a772
207,9c6428a1-0c05-4f8c-8a25-4742c9ec13b5
208,135fad62-c74f-4df0-8f79-ef46264510ab
209,a5d8efe8-0765-44bb-98e8-21a2d89b2203
210,e68e40b7-c1fa-4e3a-98c1-51ad0b7a61ab
211,246663f5-3413-49bb-aa8a-0d5872bebac6
212,bc570035-e251-4330-8437-0bcff052dd8b
213,3a43bfe0-1350-40e7-adaf-44bbbd0a3624
214,2b7522f7-ef21-4186-8b2d-632f53cf9a52
215,c799036d-0e58-43b2-a859-e140687953fd
216,d7670032-d53a-438b-9480-f55897fd2e04
217,88ac368f-f627-44d8-8a6f-85ed116797fe
218,6e939265-6c57-45c4-92ce-ae7e14d4f721
219,87c89a38-bc99-4371-b19d-cc72d602bdd6
220,b0a3a097-6404-4b7c-aeec-d2239cabf437
221,641278eb-bc6e-44ad-bd6f-46032c83f931
222,674e33fb-941e-4bf2-81a4-66aa1fb562da
223,c6dd2d10-9a02-4405-ad07-16f4db1bfbb8
224,a1e1782c-b458-478e-b2ee-4d9178e16fcb
225,44e9e34a-0503-48df-beeb-602b9d690395
226,9ecf24e4-3b12-467f-8b22-4480ee253a74
227,74616a92-09d0-4e7d-ab94-53068fc1a804
228,54456183-9144-449f-84ca-330332437b6d
229,e60641ac-7f4e-44ac-9690-2be83d8d6cda
230,b9fc338a-fa46-457c-995f-1cc15e923e41
231,1d029a1e-45de-4882-962d-9a4d9b3820f1
232,168200bb-1d46-4620-b825-82b6fae0c8c4
233,f82d2233-83dd-4218-a90c-5cf939aaa322
234,bcc26614-a360-4d9d-96be-026c8e798c06
235,8d8d7da4-5bb7-4462-afbe-f21b6b5fa140
236,9b68220d-b3b9-4b46-828f-46037bc90527
237,8a350345-8b76-4e15-92e3-2b149485eddb
238,6cb6465c-65b3-4dd3-9a79-a8078162324f
239,4fbfc504-83cd-478b-875f-6aa6b06c8b95
240,85aa03b8-acf4-47c8-9f31-b725a30475a7
241,5d9df085-dc36-4a0e-a9cf-0207a3fae4f6
242,e4c40573-9728-4ef4-8714-b5efc3dbfcc9
243,a59b7848-d52e-4890-931f-9d881f014ebd
244,65708bb1-96ad-4ebe-bc9d-bf480672fdbf
246,bb2db489-4dbc-4afa-be5c-fdf0eb146f6a
247,085336ac-64b6-4f99-aa87-3e7af5e3187a
248,80838fb3-1e0d-4db2-8a26-28229e196690
249,2b439991-3570-4ef7-8714-7e0d661215cf
250,570149fe-79a2-4e31-abb3-10ccb0191b99
251,7dd705e7-7637-4e20-8255-9e7aa8a9abc8
252,70dceb40-e836-42c0-b82d-1fdfa65714e9
253,7d98bb64-f582-4dca-9efb-a80f956379b6
254,6a7bcc06-db47-410c-9d3e-04d3daad2392
255,d7030d18-273f-4c53-a2a5-33fa018d765e
256,64ec2ffe-c760-4ff5-af53-4a13c13314ee
257,05967ee3-af08-4994-b9f4-c64b6d747d81
258,16f12575-1d08-4c49-bbe7-b27bc071888f
259,cf29ad97-e8a0-4dc6-8d7a-ebe2ad186d16
260,7eb2c69a-634a-49d7-b4d3-dce4042b31ba
261,69d4537b-e7ea-4c25-8227-7caac2c84177
262,62b02bcd-80b2-490a-ad6b-d42e14eda58a
263,7b2b6ca2-d2e9-498a-a768-6c11e51290cf
264,037ddeb4-2605-46a2-8a3b-94e0a00cce8f
265,5728130a-ae67-477b-9d5d-231fe6dc4207
266,e316e853-a6d8-4704-ba7c-c521dc3d12b4
267,11cd8975-0969-4f1d-a739-39d51380fb50
268,e11552b3-26a7-45f0-98f1-6c0c5daa6afd
269,98e34154-9b77-4c6e-8bd7-066a0fe8d5b2
270,ae9c187b-d4dc-4679-a817-3fe62fe3ab76
271,7dcff78c-fda1-4770-89a3-2692053972c3
272,03fdb40b-b823-48ab-9303-4b7c964bd53f
273,0168a94a-5837-4383-8ffe-c8dfe14161d0
274,9e157f95-bfef-42c3-9452-0fe2db6b38ff
275,83b65497-e124-41e8-a63e-8dd7c244e131
276,c2e6a650-3a10-4fce-87cd-0b6666c9b21b
277,2a2662c0-e636-442f-b73e-a937d3d6f6d7
278,3fa55bff-aecb-44b7-83ee-8a60f23b9e00
279,b35b0918-0004-445a-890d-2490acd471bc
280,fef73d72-2d92-4608-b2d1-80304283238b
281,a1352dc1-833e-418f-a356-45da65c63131
282,08f85e2b-7efd-4e8b-adcb-18e4b4dec881
283,ba26d430-3f07-4a74-86d5-8677f89613f3
284,8ff02019-de8e-44f3-82d9-b45627cb3592
285,8b72d494-332e-4d7e-b665-6607b0342843
286,f79c50c3-4f14-4d52-8118-854c712876d6
287,6319a68c-8576-40cb-8c34-f56479305d3f
288,b283afcc-f5cf-48e1-9eef-1c1ccfa4e8f5
289,964a6f2c-9612-4a5a-a02d-761d5aeb1f47
290,958889dc-68de-4c4a-9b68-f23328fa8009
291,04399e08-c84d-4d80-b448-260f80489428
292,3f3e1443-386f-46a9-8271-660ad582c782
293,41facb5c-dc68-46f7-b9d5-4c32608a65ae
294,ecb8beab-fb80-4492-a023-b1e47e132283
295,2f5ffdf5-08d1-49eb-9d2b-7ff48bcce667
296,dac16dbc-c6bf-4ba8-a146-1e1c1094952e
297,6d5facc2-1234-4ed0-9985-55e4d4eef08e
298,def8bfc8-d7a1-4017-9517-694e2209b93b
299,81828372-4545-4989-a73e-5905941bc7e3
300,d53d4417-ff94-45f1-836b-7fa9d1fea6fc
301,459db87d-2ee3-4292-8104-d9462c7d0273
302,0d5d3315-f7e5-4209-8a38-617fa5b11074
303,403e0ac5-c4c4-464e-a437-b450d4e16b30
304,07c76c29-86f9-4a19-ab78-1adef3a4371c
305,af881037-a235-4d09-9cbb-9f8dcc7ec098
306,b94c8fdb-4970-4aad-bef4-125f41a9056c
307,f1f22fdd-c08b-4d55-9e83-6258f78d2d34
308,b23c77b9-d0e3-424c-8cf4-5f7bdd784d63
309,95b44d5a-f598-4a45-b443-61ba0c2929af
310,f7e1e90d-a4c7-4653-a698-829ac1571f39
311,f84d2515-9a7b-409c-bc62-1b0d695205ab
312,aaab1df5-804f-4b07-9437-80550a81d387
313,e3e2cdbf-e758-41d3-898a-69270bca163c
314,11685c33-b636-4951-895d-ab3e7aa61dc6
315,d1103b4f-b3fb-44a9-ac8d-e563d72ded00
316,a9adae5a-acb3-431d-83e7-3a4515d7089b
317,72dd1ae1-f4d6-4e87-874e-02da7c216d0c
318,3a3e4113-f728-4125-90c7-773be4bbc7fd
319,1eac89c5-e32c-47a8-85ec-85f9342a1328
320,24966afb-dbfd-4926-8896-6929e256fd8d
321,be4375af-8c56-46dd-8e49-c2d12cc125ee
322,7b36b9f9-43c1-43df-8b2a-c3e1fa504e22
323,6de19d49-0a3a-4c06-b2a0-aed55a55b316
324,1bcc0fa2-1866-4aa8-9363-3f712d8b7cfd
325,6bc0f2e5-3045-4661-a744-1cf89a3aa8fa
326,ec293282-0a0f-4757-aac4-01cd75b47b68
327,9ab2e90a-7553-4e98-a8d8-979bd2d5691e
328,9c11d7d9-d1ca-4bdc-aba8-63b71d83718b
329,69e77119-fd33-4556-bae4-d78263b1dd34
330,abb51f0a-bafe-464d-900b-72bb793d837e
331,82d90e1a-44c9-4252-bc60-6250a9d001a1
332,96c34b98-0316-4c7f-a09c-c979ca095149
333,81c07f89-0d9a-4a95-ab3e-e08af7c30484
334,ba873bd0-0442-4395-a23f-83f3286a8c3c
335,c3fd1aa4-4331-4fc1-8b1a-159ef65b9eb6
336,4d4e09eb-6d4f-46f2-b4e2-30a0af8927ca
337,97c660a2-248d-4590-883f-b3c770afa417
338,9f3ad06a-1ee7-4ca4-9bad-87bc9ffc6515
339,947c86b6-b292-4d7e-a824-eac01c016f1e
340,b435eb79-3bab-41de-a54e-e8079a461c5a
341,2edd3f15-bfc7-426e-af09-feedfdf2b9ea
342,3e70da16-4920-45f4-90f4-72668aab281f
343,acbf68fe-b3c2-43be-853c-d7c35525d14c
344,d7cdd5c3-2c76-4350-8a68-779b23d14d93
345,7a9cfff7-538a-4478-966f-966f6d548aef
346,d8863752-d2e1-4628-a4e7-d63ca5b31949
348,aae71d62-c231-4414-8c24-0071af42db16
349,36163e8c-bf20-4083-a77c-f3d85b64f20c
350,197b5f51-493b-4653-97e4-bf8f9f462a3d
351,8d18d61e-aaca-476e-a3ac-8bce506520fa
352,dc412edd-f0ee-4f6b-9c01-7f48398d4546
353,208f5743-aa25-42bd-ab23-643c41d961cb
354,9f8a9c58-f7db-46cb-8c3f-25dc5c906c3a
355,95eb49f5-1e1d-42f3-8a4c-5ff34e1d105b
356,60d7fb7b-fcd5-4f60-916b-f2eccaca8887
357,43c7fc5e-a181-4bb1-b456-ff7820ee58ec
358,fd580e3d-36c4-4939-83b3-38a9803d52b7
359,4ac794fc-4c23-4687-858b-8903f7c56fd0
360,1456f5b1-9186-4554-93f7-eab163359493
361,51958741-a9ed-497e-87a0-aaf4c3b2e01a
362,f9e8fb74-d43c-47fa-b594-90fc4b549035
363,2c8320bd-e244-461c-ab75-f537f73c4fdb
364,67d3348d-940c-4f73-8509-bc1f03294057
365,ed7d6aaa-745b-46b2-a188-81cab5468729
366,1e4f6bcf-5cab-442b-8c25-614a52cd0012
367,5d6d02b8-f209-41df-b351-9d3936751e5d
368,92a6ca25-025c-414e-b8b9-1d1c95cca3c5
369,0bfc94a4-89bc-4aff-811e-400ee6cb63ca
370,7a01709c-0fd2-492b-a6e1-59cb4906d0c6
371,db2a0c75-ea83-4ef7-926d-b5b0c9f35c23
372,71bfcd20-ca52-47e2-b4bc-5ecd395f1d91
373,03384e5f-44ba-4e1f-b9c9-0b5ed9e6cc13
374,99027c1f-82da-4606-8949-d4976dbfb999
375,23a07a8a-2ce7-478f-8fbf-b772cbab4cbc
376,09884684-c272-438d-8ef7-ae588f9f95c4
377,d19275bc-45cb-4d9b-83e4-8c10da4b6923
378,5074eee8-90c1-479b-addc-3a5687623368
379,d94f0101-5534-4caa-aea6-616d9fb06306
380,7f9d92ae-4f4b-441e-acbe-395ea861ba30
381,63a523dc-b3ce-46d6-bab4-38e748e9f4a5
382,acc58174-111f-4dde-a66b-6a94011aad53
383,b1d5fecf-02b6-4414-8ac1-0040c8e7b0eb
384,3649fe30-4ff8-4577-bde1-897e51c40865
385,6121b7ca-80a9-47e1-ada4-6995ee6b563e
386,dc33db6d-f235-4d8d-8c47-d66e1c18cdab
387,c2ed72f3-ccf2-4230-b5fe-34f9b0ac3654
388,174aea59-3678-450c-bbde-f2c417eeb56b
389,bfdd3b58-7bef-4f0e-8d18-86fd8ffa0845
390,89a5798c-880a-4c8b-8e50-cae837219ffe
391,dc156cd9-c710-4d41-bca4-369ea30d7faf
392,d42f9537-e25a-4335-ab43-f2b669fe2eaf
393,e283e584-e00f-4988-a39f-834190b230d7
394,eb891250-c142-45ed-8baf-3cfc00f53846
395,50039e5c-d306-43bf-a080-ce79dfb30d38
396,a2dcef8f-c2dc-487d-bc75-c0fd243fa61d
397,35d0152a-53fc-4834-a940-afd8ef167044
398,b7755e71-9f46-48cc-9d09-2a800756a06f
399,d3c0b5e3-ce93-4d47-aaa7-b39dadb6e750
401,77a0ca70-dc9a-477a-b749-1b21473dad9b
402,2361df8c-3191-47b2-a69f-54e955bc286c
403,be4c5bd7-bf0c-4bc5-b039-50ff495f9b4c
404,f40011bf-87d6-47b0-84a1-aaa591bc892f
405,82ca68b2-ea65-461d-84c6-2c6ffffb471a
406,f8f28343-a3c1-45af-8236-f7967fb07021
407,da187f17-15d3-4baf-9b4f-b76b2cd8f0a0
408,051dc192-e2d9-4b69-b9bd-74bc76db321b
409,fe80ac66-a817-4cd9-ae7f-00d563a09bd7
410,758dfb10-450b-4f71-bc62-2230940f4950
411,1a474119-aa95-42b3-a36a-de32f8b19175
412,92b3a4ee-fc45-40ad-8171-dadda5d9ec66
413,447a94f0-0f35-4d94-a36e-93cdf7e9993b
414,1eedd016-d25c-4518-ab7a-915b5fcbac94
415,f6fbb13a-735b-428a-931e-95ee7118581e
416,523a8e8f-bc47-438b-a9cf-984a4296b1b4
417,400bb764-2089-49c5-b7f4-bed4dbf87a56
418,b7820f97-2ad6-498b-b83c-e16ad101cf09
419,28ec096c-c782-4664-a34a-4951e26c11d9
420,28eec1e5-82e3-48e0-9be0-5701280a0081
421,7d9311a7-e090-46ff-8a0d-4068ced845c2
422,371a9bbd-70ec-490c-b689-c589d2d2c213
423,eb2d5539-9e35-41e2-923e-09709f73f182
424,1411f31f-9cde-4ade-9b8b-0fb187c3f425
425,16ff6d3b-2dc9-4552-90a6-1f5d5559bf62
426,0299fcc9-8b9b-4fc8-b5ab-69b9ea333e9f
427,3b8e0d62-4b59-4221-aad3-1a7ee29a5470
428,4ed0b50f-3fbe-4158-a12d-38e35ee8a191
429,2f54c72a-87b2-488a-8f0b-8ac06c547c62
430,6a8948fc-6d48-4390-93a3-736051c6c07a
431,58d8cb3e-01b9-4072-81e1-3e661b69dbc1
432,3dc2cb03-094b-40bf-9a72-7ac7677229ce
433,b94e7a8e-8f13-49be-af0c-7d1d9cf035d2
434,a3a7e7d8-bba6-47dd-8a51-65c3f564fc3f
435,99e43edf-ed07-482c-9597-2c34f819477a
436,a383efb8-200d-4e57-9ad9-61d5ef0b04f3
438,478dfd19-0d3b-493e-9320-7a2a12b71264
439,a20500eb-b26d-4525-bba8-d92a2379137a
440,8d842c60-d36a-44d5-aa91-0207c6c486d5
441,84c606df-b6b1-4b87-b403-1bb6300c8b7f
442,f9070d5d-1bd9-4f39-8704-d8132906de3f
443,91d20657-b92f-4234-a24a-1347a7e0393e
444,9208fbed-0bfe-45c6-a9b1-3f205915befa
445,a7e41b96-e4ba-44a8-aaa4-843f2c6d55be
446,a9160dc6-fb2c-4374-a88b-ddb5a9d1ca6d
447,a424b6da-2c5f-4b54-bee6-41fe9d71165f
448,c917fe6a-3e8e-4cda-bfbb-6e73b74cfe46
449,829eb0cf-ff66-463e-9f71-c7b792e07246
450,5e4811a1-873b-415c-9e7a-846b0062abfa
451,6b195cc5-00d3-4119-96d3-2998ed79f31d
452,41a19673-9c4b-4ff3-993b-f66608f2d58b
453,800546f6-51ae-4a6c-8087-a3946b121821
454,b0801166-24fa-42a8-afd2-aaa79b90b3f7
455,8bc6fd80-0d01-4b2f-a51e-a45c993716bf
456,908a4cca-b726-4d65-b216-c9e3f951aaee
457,5a315043-6acb-4bb5-b61d-8a448c3099ec
458,d773a52a-7faf-4479-be97-8f01eea1d84e
459,7413b7b8-cc69-47fb-a563-6af46ff131b2
460,e109f48c-1b6e-40a9-9a4f-9629e7bd5940
461,a669c689-793b-4fcb-8848-bb1de4ff1011
462,3a79f19a-f2b1-478e-9787-1d17d4916d7b
463,31b40f4b-a1db-446d-9a16-695aada89419
464,785589a8-8708-4a2f-a825-873261655d26
465,404b5f16-fd7a-44a2-a8d3-b47f68712013
466,108b2cef-f9b2-4a84-b72c-1030e184ff0c
467,7bac7087-b029-4cd6-8bfc-873a8396d415
468,dd6ab598-7b51-4f8b-9e4f-ac126c72ff79
469,17ed10f5-00f5-4d02-b45e-40344dd771aa
470,f16f4491-9aff-44a0-9e16-4997033e784d
471,139ec558-b917-4090-8e5f-a37a40c9efbb
472,be46e12f-423a-46aa-af41-fb31c2b4b763
473,1e58b81a-9e8d-4d8c-ab16-aded3066482f
474,b8179e05-1b80-4fbf-884d-f6156415b13d
475,4eebfb35-e7d9-498e-bcb0-e6e7e35ff150
476,19354aa9-29c0-41df-b21e-3493df6ba0d5
477,c4cb69c1-bdc5-4351-b2e6-bf60553262ee
478,b22ff943-ab1f-41f2-827e-2b4594e22ecc
479,1ded88da-92c4-444d-b13d-6d4793d0ca92
480,c3726a0e-7610-4980-b4c9-75c93bcd5dbc
481,22477875-7a19-4081-8883-5067ebc9d394
483,f84325f9-3284-440e-aea4-8e5333be8716
484,7b2732c5-d22f-4963-a3d8-25e7191b93ac
485,ccc42381-6a28-4b85-8cd0-5f7676b950ef
486,e4136a85-7019-4abd-8f39-5639e8ddc9c3
487,acdbdcc2-4352-463e-bfc0-15df6ef762d2
488,39c4c00d-4371-4ee3-8070-1c72fc11bc6d
489,29fd461e-b51e-433b-b0de-70201d7a26e0
490,9c20eacc-134b-47ed-8e38-1ab371299049
491,a76fbe7f-d1ea-4161-918c-59ef593c0ba4
492,75b0ed95-0a32-47ed-90f8-9395062cec10
493,ed1ad6e6-3195-44fb-a27e-5a43a0cfdd66
494,42907d49-2c6f-4ad1-91c8-1bdfcc885b20
495,90a26a94-21b1-4d62-82a8-b18c89ea2b67
496,1decfd58-4ad2-4e1f-b113-a5db06181308
497,90a7f672-5599-477f-8de9-76e816c5b1c4
498,472ee97c-a504-47b6-8588-458443a3a176
499,e060ae7f-5319-4a8f-8242-0f2613e4f299
500,1e9ff3a9-e95c-4d76-bbc0-c72d754f40cc
501,51bf3b4d-ad1f-428b-9886-0ac28837e08b
502,b8aba7d0-45e9-457e-973d-6748cfbf852e
503,e469f725-d81a-4da4-93c3-e2cd28371cb5
504,33b11512-81c1-4685-b8dd-34a7e0583e40
505,7352360d-944e-4415-80e0-37952f647c53
506,d0bfe3e1-89b2-40f7-b4ff-1602b4e490dc
507,3affedf1-5c57-4996-bbae-89adf2a3ab9e
508,515c4efe-dd95-4eb8-9502-27d0c8cf6102
509,e066631e-28b1-490a-8eb8-89e7f80357bd
510,175414a9-9a65-4148-a57c-5437d67daa71
511,b702fb5f-8187-4b8b-9f2c-8b90d22585a5
512,53448c96-b622-462d-a483-36daa5e20016
513,21abbff6-9fa4-4e2c-a1d2-8724201acaa1
514,b9a69bed-442e-43b7-b0e3-e34cf2132a39
515,d1e457b8-df47-4440-9a81-8bbecd864a82
516,de193be7-9681-4ca8-9f76-2b85f0bcd6bc
517,23c41ce3-59f3-439f-8a02-c423ec115321
518,42489332-764d-417d-a52b-5785e2132218
519,d727d2a9-dd81-445c-8078-d6ba21c2b23a
520,a139afe3-1b32-4d71-931d-b12cc5ccacc8
521,95ee90ea-4bd3-4cfc-86f3-d84089948ae2
522,036d1951-0fb5-4c7b-911c-e4ff86354467
523,3bdfebac-0eab-4cf1-96c3-4dc30eb925fd
524,60a2b553-18f8-45be-b7d6-a4a5462a0518
525,b9c8efd8-a0ea-4269-87ff-9433ac3d5d26
526,eab5f2bb-7e1d-4b28-b819-690693812dd8
527,733d0802-a2d4-4fa6-beef-b97859ce62a2
528,364691e5-2cef-452f-83cb-46a62047dd71
529,1f763cdf-b2bc-4691-a4c9-82f8de06ae31
530,8aef7303-e8f8-4e1a-8305-dca121ccf57f
531,947091a5-a017-4dcf-88a6-f4c02094e2dd
532,8c5ba8a2-5939-43d9-9317-6e83444f9d8d
533,4c5847f2-f972-4ca8-859c-28635e097478
534,743c003c-3eac-4976-b2b4-0b3040301bad
535,ca9405dc-a772-4473-af8a-2b08d56f375c
536,91afd2f1-e759-4dc1-8726-940703a3b779
537,26e4286f-3f22-41b9-84ec-62e81924b158
538,5940656f-6ea1-4ba3-8e80-95d6958d858d
539,c88a38f4-193e-40f6-8434-5d8467458d70
540,ca5b22f5-36f9-4b98-a435-266806a5add0
541,cfd9aa76-5821-49fe-bc61-98be9b01c1fa
542,9231381c-045f-4f12-8e8e-e02e4e148e0f
543,d90abf60-f334-4936-851e-3cd871fdf405
544,aa2a0b9c-2759-430e-af51-4f223561f65b
545,eac719fb-0573-4b64-85f8-a206ed02fce1
546,31b790f9-5e5b-406a-b5ee-18440437e1c1
547,07f4e430-ec7d-4df3-919f-9c0316e18fe1
548,b749c4b8-23fd-4ed1-b89e-e70e87470769
549,1bcc941d-443e-49cf-b804-97199c78bc7a
550,1b6056c5-d9a7-45dd-a978-1b03e085a5eb
551,eeb43915-ed22-4d34-bee1-afcdde308dd2
552,4b6abb1f-db89-4207-95b4-31d7f31a0809
553,5369d28d-e5b6-4d98-872d-372647854687
554,a01f0476-f02e-4875-a637-472faf49a42d
555,9e400d13-d37b-4b08-87b1-43231df1db4f
556,eb531f94-da77-4777-b2ad-40c06104fc55
557,20af6139-3597-498f-88ae-ce3b1b3d4d05
558,122d7da1-ccc5-4cbd-af65-4573629caa93
559,08e74416-966b-4274-888a-e4c3ecc74d09
560,8cc6fd42-832d-40cb-b2b0-2f3f565bfbbb
561,47899487-dc23-4797-82b2-c86a393c17aa
562,ee0d5196-df1b-4039-b11b-685af01d71a8
563,e0210561-404e-49d0-af6d-87f8b6174aab
564,640b3b33-baa6-49da-9075-72f1b5bae71d
565,b6758cde-fd97-4a9a-a956-668ed13e1abe
566,ac7c5de4-da58-4b17-a4b5-1701ae69198a
567,3a90d039-f61c-4d42-bb1e-336bcbcfea4b
568,819fab02-73e4-4b87-bf89-8e1db7807d06
569,d1127af4-f3a4-49da-99a6-7ecb64d8295e
570,d3ecd349-7ee2-4ba0-ac0d-85f6c31ba006
571,aecf4edc-7a45-48d8-a062-d110d6c96f1b
572,fe5b8525-b23d-430e-b289-b6796d49e7c7
573,17183bf8-1fa0-485a-8181-27502c85301a
574,6fe7ec38-c7ed-4dbc-bc7d-aca14b802486
575,3646f5cd-d5d9-4875-9a69-6d7ee3b6bd28
576,a86e1160-2991-463e-b998-f27ce7cf2d60
577,a39b2802-2920-40a4-a45f-143a87969e18
578,aefaf011-e550-406b-84fb-4484c413bd63
580,f26e62ec-7c8a-47f0-9d78-2aa0a1c1d0c8
581,5584bfec-4331-45cf-9a4f-6f0a2dc47c93
582,cea2fd7a-9a91-4943-a5b7-21d69d5389b7
583,57de87a6-1e37-4477-aa0c-e1900f969f5b
584,5b745df0-7305-4ada-85ba-0dc0503180ff
585,7121cc48-ca4a-471a-876b-9feb1bc34eaf
586,eafce2eb-112d-4879-8735-4c7f5fc4e5c6
587,ad7dce6b-0a99-463a-98fa-50ab5814e9d5
588,af7bbd65-e2af-4eb2-976c-265fd111bfb3
589,bfc279d6-4411-4933-a1c2-8f1bedbf77ca
590,21e0bc8b-2bb0-417d-bec9-b602708efaa3
591,f1b47cf1-3be8-4bdd-b150-ac084c1f5008
592,77797a9f-7607-4494-b9d2-e091b06d13d1
593,b83f09c1-0cfc-4bd9-94b4-f5c7c9d0d70c
594,79cf3c49-67fb-4a55-be25-965943f7d1ca
595,07442e55-06fd-4d0d-ad69-4177170e5495
596,098426d2-432a-42e2-9b6b-4467d7b6a22f
597,7cd6e721-2997-4ebe-9cfe-c42e8bea7660
598,92560944-1a64-4b25-92f0-8a5f7a1f5f18
599,a0043f82-d8f5-4f18-9ddb-a51ca2eb1ad7
600,2aac909c-9df1-42e0-ba0d-b9dc9393172b
601,b1e2ba68-466d-4588-9f9b-610874879aa6
602,745be357-dbcf-4723-a190-4cbf329b59b0
603,6e030bf8-a9a5-4315-b0c4-c82a7b694cb1
604,3b52111f-1170-483e-913f-ffacb50040fa
605,9cf1ae3a-8401-4a03-b1c2-dc656da5c334
606,0adee40f-1334-4674-a4f8-411f82ad13af
607,33750ef7-3c3c-415b-af1c-fb73b37c5363
608,19a4c18b-26e7-4fad-936a-b79cf52d1c93
609,814ea900-612e-44eb-a8ce-f1bdd736134a
610,1d06d3ad-6350-4f43-a419-8bc40a4c39d6
611,252c831b-12fe-4033-b2b3-d400a298302a
612,d2cd4144-4de2-4da5-a240-79cce4bf746f
613,57b6df72-d7ff-4bec-8365-dfedff1d764f
614,f5acbd2b-f7dc-4873-84e6-9a4d8d7e03ef
617,b5b4344f-ff3a-4127-8d18-ef1372374104
618,7f3200aa-4b0a-4226-abb2-c18f1ee37c0a
619,1cba8286-88f1-4346-82e3-fed2866081b1
620,059ca3b2-291d-4649-9b9a-a510bdb2b3f7
621,87f2f41e-cb6b-4de9-8ef0-7c447865fbac
622,9f372b16-5844-49a5-878c-6261e7a201fd
623,d1648eb8-936e-42ee-a3bf-357113d19b27
624,dabb3734-6a80-43e5-80a2-ab1932f62fc2
625,b9443927-163f-4aa9-ba1a-6d17f1965fca
626,1f913803-6184-4c40-ade3-06c17159b937
627,4edff181-36f3-4349-be57-2101f428bcbc
628,c4d0325d-a791-49f7-87c4-16152c4bb4b2
629,1f6f09df-5f0f-4e17-baaa-04a61a0e98a2
630,667eb7db-a464-4dea-8ef6-3e16d97477fc
631,7e935832-ea94-4194-9d0d-267a3e2faffb
632,ed7eaf33-742e-460d-a1c5-cd9d9b481a4d
1693,5ff4635b-0f6a-47fc-88bc-a6e5d3324f11
634,41e56148-822d-4fae-a55b-79d6a123b8e6
635,2670220f-3e3e-4017-9242-61d41a7e21bd
636,d45fe7ae-781c-4b6b-8909-b8a56fdfc609
637,3c9addae-a60b-47bd-a136-54d82312e7df
638,7478b737-8c88-4e30-a4a1-fd7b44d62d1b
639,636378ef-75f5-4524-b9ee-fdd27ec36a71
640,158c6b5a-5214-4082-a52a-da5937930b7f
641,1c4999eb-774e-42ae-8faa-09df11b1e029
642,192e7a5b-a8d7-47f0-8da0-49c1b9227a23
643,eb2978b6-d792-43d0-8765-daad15550275
644,261c4e0b-b1c0-4489-a066-c659958eac63
645,af402e7b-1b6f-48af-b213-1eb5625c1975
646,565a7708-a17a-4e23-ba74-9028ad56395e
647,5f231295-35a1-4a8d-a4fc-28e188af3dba
648,a0ea6ccf-056e-4bf5-aca1-1566c729d77a
649,c233515d-00c7-4afa-a867-00e41e906b27
650,6a0a6acb-f655-48e1-96ec-0554a5ebda99
651,2f42847c-7799-40ba-a866-1df177f40a59
652,03933899-7344-4934-8f31-b147c0a7bc2f
653,261d8027-9ea9-420f-a1e3-5d5c4ca662b1
654,765fd968-1905-4e0e-b36b-98787aff4afc
655,265d6649-93c9-4cb2-87ba-870a18ad91e8
656,c362abca-1ee2-4063-901c-1ecdccea8f9c
657,31de5ac1-8639-466e-a35b-06b98b000230
658,3ddf60ca-a584-4755-988e-03f965f0a25a
659,f8baa2cb-8682-4de4-9c23-33e2ec900b99
660,e655db0c-5aca-404d-9a64-cb82d97c95f5
661,1a4011bd-cafd-4c3c-aa65-1e12f443ca38
662,08f678f2-5407-4240-b7bb-596fbe8ad9a0
663,ca11e0bc-3a59-487e-96bb-02e62a389a35
664,b97706f5-1948-4f65-8665-8d9102995ac4
665,456b20d4-ab05-4e54-b25d-8be22fad42c9
666,d96172ed-838d-4c0b-8373-2567ea6a4b0e
667,510adfb3-5994-4d73-a934-35eb87f88e6a
668,6ad431b1-1d59-46e3-be41-e7aee0113b45
669,63c73fd8-c5ce-4d3d-8aec-3d550508b7df
670,01deff92-8b89-4585-a5a0-4ed06f00efdf
672,a3f878d0-8e8f-495f-a62f-80f163e75023
673,e2cce64d-ea2f-465e-bbd9-2fe4a4621e69
674,4a857255-12d7-49b6-8ffd-b53b42236aac
675,abd276ae-8e77-41a4-9688-db63579608c8
676,bdd50c95-e1f2-4af6-ac36-ab3878b0614e
677,60852598-1b4b-48bc-a26e-dd90170e2109
678,50863e1d-d04a-49c1-bc1f-683fd99820f2
679,762c6028-be3a-4ada-a519-28bd5cd43db5
680,939e3f0a-c845-4154-b7e7-1e7b659f110a
681,a9478d92-61a0-433f-be9e-27e0494a198a
682,aef16345-b8b4-436f-acae-e06a63765de0
683,24fecb24-e406-4feb-bacc-5be33f02f422
684,f7cc3d1e-68fa-4a18-a55b-a50fbf2708ed
686,bcae8568-709e-4e8e-bd72-d5df41d7605a
687,3e55b521-e378-40eb-85d1-0dbe141ca042
688,b15ab1aa-9c58-475e-b111-d5f522aafc95
690,43de2ab8-7637-4a33-993b-de65a8950215
691,65a2868a-6841-4a8c-8c27-3e93622a11ea
692,caa8ac3b-7dd9-46b5-bfda-611e158b2227
693,fe9a5507-0b65-4149-98d4-64c9cb195273
694,ca5da13f-6988-4380-bd42-c70266d2d94e
695,04ff3be0-4fbc-4d11-bb90-a00d5a3ce435
696,84db9514-c364-46de-afa5-9917ea6ce8d2
697,745374a3-be9a-4cf6-8b07-ba41d25554d9
698,b047c700-7c94-46a5-a52d-ad248cf2b99d
699,830ee6eb-77fe-4f4d-b6fc-6adf2695be02
700,b796caf6-2f22-4076-bc9f-735a3390e887
701,9bcad337-d098-46f5-92bb-ed0eac5fc316
702,190ee9b2-d73f-49dd-87a6-e8b86b0af703
703,125f16bb-7ec4-4146-91ee-e9d5e7f6d433
704,ce4b74e7-58ff-42c5-a887-ee7bf76f0d77
705,0bc31a7d-35a3-49bf-859a-15bae96cbca1
706,10da05d2-c32d-40f3-841b-d9e65a6fd09d
707,cc96159a-a67e-4fa1-bcee-22eece1f500a
708,84bc7acc-d3c7-4700-86d0-376e4515eb18
709,52f8c686-f537-486f-a764-cd9e3ba7104c
710,9e2018c9-f91a-46a6-84e5-954c12e8bf92
711,f74755f1-21e0-433f-ab95-2ff2491ea864
713,4ddf8295-ffd0-4d00-9de1-dcddea04537a
714,74223ffb-2ec7-4233-a7aa-ad5c1e1cf273
715,2ebb4a91-0c36-4e93-9d74-bf047af6058f
716,288a81a4-0718-41d9-9737-9c7ea7d03e7c
717,2a0542d2-f504-432f-8353-4f34c5a15c6b
718,522fdf33-fde4-434a-8b7a-d2da45592bfb
719,f0a00add-1936-4174-a3fa-9d61f799d31e
720,c88716d4-5c64-46cd-9610-56058f45ef72
721,25b802c2-d369-4df6-9dba-5976e74ae6b0
722,d27fb910-bba0-4678-8bda-c82f7bf6dc5d
723,80a772c4-4bc6-4c48-9c38-d51ae90683d1
724,d2ecb1d6-debd-4aeb-892c-2bdfa5b1d1e7
725,7e78ee88-a6b8-4254-a435-f3f80e137d82
726,aaad0f5d-aacd-40cb-b7ed-06125f5dc2ae
727,0d14371f-0322-47da-834c-54ae0b9ec7e5
728,48b673e9-b82d-414e-aa43-c80321748218
729,5eb16c97-3165-4b6a-932a-f01630b20e88
730,bb8b3242-fc48-49d3-9c4e-9f9b31a7551a
731,b769f92c-79ee-4621-8b4b-e11d13d3542e
732,9e2ce0ed-3706-4777-9a70-c0609cdac1c3
733,d059b1d1-3bfb-4e4c-8ac3-a2f0816e7caf
734,396abb1d-a56f-4725-8aa3-4a46e61928ee
735,2ff25c21-6148-490f-88ad-3a8fcde4f3b3
736,c092cc2f-a4bd-4947-b962-ac2b4c76ae98
737,057453d2-20de-421f-9fd6-ca7501c14e89
738,d090ae7b-ff56-4698-a322-5a1f6c532e1d
739,81545c7d-b7d6-4e81-b328-5e01b2a58502
740,c2f1013b-5ce3-4233-b8cb-33b045b7122f
741,3d8330a1-b795-48d6-bb63-d02409cc8256
742,53bd784e-bd11-46db-9622-421516873d3c
743,54593b15-de7c-429b-9ecb-2863271afd9b
744,e934a5ea-49aa-497b-9328-1ca8855be8a5
745,4f974b1b-a1a4-4e34-8ab6-b1e724404792
746,f57cb7d2-6129-4ef4-ac40-8f766c0250a0
747,f4a1e659-f357-48a8-931a-756cf21e5007
748,31cd27f9-9755-4d54-a164-085cafa3c31e
749,0b2d2086-db3c-4db3-80f6-e41e49d8d3aa
750,b6f0d956-eb73-491e-897a-c13386e3c886
751,2d5b230e-a01c-426f-9202-ad87912957e5
752,069434b9-1cf3-497c-bffc-7f3393dcbcf8
753,e9c67381-eb6b-482a-9147-76e7e8b1421d
754,e8043f6c-4c35-47bd-90db-714f41c91b0c
755,c7b81064-369a-4085-94c3-1dc798db1729
756,71a65482-45a4-4c6f-9d91-85f71a127890
757,c3e2c886-c76a-49a7-a289-7bdb7d581b6c
758,96463449-32a3-4108-beff-dd59e25d0ff2
759,1960ab92-9dfa-461c-bda4-52d41c51cef9
760,538bcc1a-e442-4ecf-bd3e-4ad1b3de8980
761,a38d1acf-571b-4400-9462-6df9769d18de
762,89fd89a6-6268-4a77-b5df-9da99a8b7073
763,ac601d2a-1922-4c16-b2ce-b62f76f4ba4b
764,d17653bc-ec2a-45ca-9570-4a8e5aed3f4c
765,3bec3cbb-0556-49b7-a85e-af8c94e6d8d5
766,c2e518b7-9bfc-4087-a0e0-858c17a884e8
767,0b8a5634-eb70-41be-9235-af9b8070c1f2
768,b11cf5cd-c591-4913-b6c7-fbb821210357
769,6c263974-3367-4e59-bb03-8429a3fb6d3a
770,408d536f-4bfc-4943-83d3-7a55a3d2a578
771,434d5763-6d88-41aa-9063-89337fe09405
772,05187456-725b-4df0-96f4-11dda0ecbef2
773,ef0761f8-1c6a-408f-ac64-ec5f956f643b
774,b0dd670f-d82d-40d8-bfea-2373bc47db12
775,d0da833b-159b-4b8d-b25b-bdc4abd68495
776,28f89682-bfc6-47e5-add6-a1fb5b242602
777,149ca2a1-951c-4b65-941f-12ebcc09a234
778,2300c9dd-de44-4bab-a2bf-dbdd4822ab93
779,be1eb56c-c340-4bdd-91d4-85e1382b0841
780,8ee16ee0-7ed0-46b5-be92-0dfcfd761266
781,fb55068c-f9d8-4444-abf7-aec84444cd01
782,0f08297a-1d7a-4e2e-a95e-adb458a594cf
783,cf6fa48b-4d1c-4ebe-9db1-6819333c8885
784,5ccffad5-fb95-4745-9511-e8a759dd3367
785,d79e299a-f21b-449a-b012-9b6b291e6841
786,022d8248-2188-49f0-ab57-fd1905976c7f
787,993da59a-d456-4658-ba3a-104749f778d9
788,76d50773-b858-461e-b5c0-e2234a85313c
789,e8a40bf2-7d91-4bf1-b403-cce6b9ec2944
790,2d25ba89-b076-4111-8266-57123b078588
791,48adfa7a-9da1-42b2-bbeb-e8effc4bd7b5
792,050c9f19-ddfa-4fa1-adef-238dc5d9219f
793,51203c55-97ac-48df-b57d-67c1c3822385
794,3095d1e4-a6ad-492e-8ef8-571907eed422
796,774a4947-b9a7-465a-b35f-ce9176ddb6af
797,db8b414c-4716-4414-a49e-b583b0aa1f85
798,4ca8e4ab-1741-450c-bac5-114105b566d2
799,4feb4bad-db70-42d9-a338-8757bdfcde81
800,ce57c3f3-5048-49fd-8e99-33626fb6167d
801,39f36c84-fef6-45c2-9358-f3c4e920f838
802,eafb5498-c4ae-4b6f-9f04-a92072b40b86
803,c0fd7a04-ba60-4943-b767-4399022ae16c
804,7da86984-2c75-447c-9bf1-69e6e3829102
805,c46eb59a-959b-48b6-99d2-9d30181535c2
806,14f5d2ea-8bdb-4e98-b898-f550eb63d875
807,393b5cac-1469-4db7-b589-74297692f594
808,eb8395ee-6755-4f0d-a9e6-9de0ac78fac8
809,5707364e-d3fe-4c56-b0fc-adab46715b51
810,af1321ca-1731-4fcc-9dce-da12c31bd616
811,3568633b-9945-45e2-9b82-3a0cc54fb6e1
812,7e73ab55-8f24-4342-ad89-6366d959228a
813,6e5e20b7-4c13-4edb-b78f-eaefead35630
814,70cd285d-d6d1-44ac-9953-c8616e2618dc
815,761c1407-5263-49ad-a2e0-3227c3f99597
816,f6ff1c9c-2364-4680-9189-a258cc98bc28
817,78100696-f0b3-48e0-be48-b837d5c18c1f
818,526f5ac0-d329-42a6-ad6e-5b7c8c7fee4c
819,2753991f-cb43-4018-a305-f97dc0e249cd
820,dcdbdff6-597b-4585-8cd5-1a8ea2a26698
822,71e8d58c-e4d8-4750-bd33-95d5bbd9f86e
823,929666ab-29b8-45fa-b3d4-309764245745
824,d177e18f-63dc-4e4f-a2e3-ca54169cb27e
825,0e0fb036-79fd-4bc0-9037-7cf8b8dd4603
826,75037312-eb62-4cf8-9614-cc0a2172dfae
827,d7a164e4-a09b-4574-90e6-0afd29838d2a
828,635f1bf0-0df7-4ff6-99f8-930d6c012023
829,b27e3f72-13de-41e6-b497-ae28c3dbaac4
830,8c35161e-ba15-45a3-98c7-73a5b9cac563
831,5676eeec-5313-4325-a96f-53e033764ca6
832,461c1ce9-62e2-4ec5-ad7e-4dd528a88500
833,c016cd8e-f80f-4878-813e-5775db3d9a1a
834,010d039d-1981-4eb6-bb9c-96431999b239
835,1c1ec414-3a3c-49dd-ad84-738c86779c34
836,652d3c53-55f2-46b3-b6fe-e108aa2e2e41
838,403a28b1-23ef-459d-a4c2-f6a2efb584a9
839,5185d57b-8450-4ced-87ab-a33ce7094a6d
840,2b33650b-13f0-4bfd-82ae-5623fa6f0325
841,f0f01d40-800e-4b6d-8aa5-cf3b998033ea
842,3557da4b-6353-4ffe-9d53-f668a9f3fdd5
843,1499d4f4-7ac6-4c7a-a00d-fafcaffd2e66
844,be3cc438-745a-4105-a08c-0fd7c7d136c4
845,cc3cdb42-f814-4bc6-b3ec-774ba91bd7a1
846,2285ec80-34d2-4f55-a8d1-764815fc4e0e
847,6c2b2cf7-ef6b-4f09-b633-a61dc10bf293
848,911960dc-c751-47cf-a22b-e690f137093a
849,7be92221-f471-46ff-ad33-06cb3337cf1d
850,2679d626-25d5-4853-8acc-27fa4c44587a
851,84bb0536-c5d9-409b-845e-f4b6da64087d
852,5ea465d5-5897-4e0b-8488-7461796877ee
853,b9da76a3-d3cc-46e7-8ec9-20b206b1ed7c
854,5a7b4bf8-8115-4a42-8cf0-f211a3ec40e6
855,63771a0f-8a00-409a-9b1f-f0e00286f35b
856,50b37d04-29d1-4c6b-bf6a-58e3ec08bc0e
857,c14818d9-6280-4421-852d-f4c19144e380
858,c1b4bd83-d4dd-43df-81fe-a14e1739c2fa
859,edf26463-754e-4c11-acf8-4fee4970fdf2
860,6791a934-384e-44f7-b7d1-c8557aaaaf93
861,af08a1ed-d2cc-44a8-ac4b-18417a415fb0
862,fbc417af-2195-49be-85d0-746eb00313ba
863,db20a5a3-b1ed-4548-af3f-df4fac6b59f3
864,ac24c78d-1fd3-4d9e-ad87-09feb29fa7c2
865,83462877-e32f-49a5-863c-b40d967d34de
866,419fc4ef-5fe1-42db-a76d-4b103e644318
867,baea1e04-ae74-44cf-a80d-fa913e760829
868,42bc2b2f-d9f6-4132-914c-14789e6edcb2
869,db689f53-eb60-49ca-85cc-df4191b52bee
870,49b19460-0739-493c-af6c-ca6168702bbd
871,61028914-8aa1-486d-8b32-538e2b9ec72b
872,fdb94b64-c4d0-46d8-89d0-b767ba7b25f0
873,74e3952c-4ebc-4de2-b051-d77bb6d035e4
874,23cc15e1-02e8-4558-bf44-774cfe13a5af
875,d0470263-3661-4d01-83a4-4025d6aae83e
876,a6bb3c9b-80b1-4e18-b984-754dba3504d6
877,4cc4f9bd-fb89-45b1-ab0e-904cd3bcc3fb
878,b7f31d36-2800-41d7-b077-e940c72c22b4
879,5635d8c8-2ca8-4b10-9f29-2d9c8897f449
880,c3e2dcdb-c3cd-44a5-8f6c-27cfe41b7987
881,a535bcb8-b7ab-479d-b930-afc286d5c245
882,b69f0296-407a-41ea-900b-58c1f495811a
883,fdb3c540-3fe1-4ed3-937e-426a6191f0d5
884,827cf6d2-758a-4ad0-a987-4669a4a7382f
885,f6182842-b040-4843-8ef6-c019e3fab0ae
886,20e3924e-2611-4dba-b26e-febc3859a680
887,ba158931-04e9-482f-9c6d-c5685e0b7981
888,73ed1752-55d1-46a1-b39c-5abfdd3c3916
889,a8bcc8c0-10a4-4a31-819d-65e368e22838
890,6231cc5e-8861-4e93-89cb-be2d0ee5586f
891,a75970a0-6859-4069-b1fa-1b31d2f0f925
892,3991fd9e-d36f-4be5-84a6-be69198c2c6f
893,a40979a8-9772-4830-b5a8-d555dd1aed46
894,bcb44f31-eed6-4dfc-b320-f06051cd48f2
897,4a11cecc-cc19-4107-ab93-bdbe2126eb74
898,b7356269-1d0a-4f70-b91e-72d87ef7e4f3
899,efe0e869-d881-457e-9576-da777d812d57
900,0fc353b5-9b31-4c0b-bcea-e24730280f44
901,c13e56b9-249a-4ae4-8aeb-ad6812f7e882
902,7e72be86-23e1-4df0-958f-1465cd535301
903,54ba50a4-ad40-4e39-9dd4-98b7a661bd09
904,1fd02bbb-16f5-43df-9b51-49e2751aaf4b
905,72e9a8f4-a255-4ea7-8053-57601ab48f14
906,6d199e55-9135-4acb-a946-4a5368dbdf62
907,9f3fc798-d064-4f1c-92b9-98fb89fc1191
1055,fbb5734e-3e27-453a-a45d-b7ea24b3d6bd
908,5fc54ce0-61cf-4c95-8989-1891de8e5ea5
909,8f7ba1a7-ea42-499d-91b3-f74d0d7d8ddb
910,f13698a9-3dbc-42d1-8183-44697e33478e
911,a0a8238b-b09e-4677-a756-c5420ec2f014
912,d5fd65ae-96e2-4134-a351-11eb7b50a50f
913,2fb832ca-9f3a-4dd0-8d0a-af16cf3111fa
914,fd8c2d85-7d51-4c20-baff-088fdf591746
916,94a996e2-b0f9-41d9-9b75-076cb3ac2279
917,fd349cd2-c7cf-44d7-8154-29a40fd28766
918,1f092686-253c-45d6-8ca5-20ee262e7855
919,26afd65c-3a23-4c76-80a2-aa5ad1ca97e8
920,04ea11ba-6289-4e08-ba0c-fc0b0caf903f
921,2b5093e5-3ea7-49e4-a2d2-3cbae9f93366
922,a1303257-8894-4069-920f-e427dbfd7db9
923,0c7a098a-eb9d-41ce-a4aa-8571e25a8214
924,b22c3703-da42-4f6a-8705-e3de4a51e6b4
925,4d5dcae8-afda-4fb8-bc83-b5f81ebde5ba
926,413ff947-ed48-48fa-9c23-350561ca7468
927,a1794317-e079-49ab-bc52-58a2ec4e7b4f
928,c4c30e30-78ab-42b6-bcfe-e227177830d0
929,fce61b5f-1f11-425d-ad38-77e3d4743255
930,96bd6a81-8ab0-4910-8d44-7eb4debac912
931,225eac98-645d-4711-bb77-be107b8e4629
932,22be8973-5c79-4a25-9ac9-250dd9b617b6
933,2403f087-14b0-49e8-a1b1-01e048537bed
934,affe2139-8f4e-403e-895f-35c167dd87fd
935,bb41abfa-4b07-4590-b941-0b4be93596f3
936,552b7ad2-9831-4d39-9e19-228c30bbc7d6
937,ded7fc20-0bc7-424f-88bd-6a47b83910b8
939,9b62bbed-8bd3-448f-831f-78b5b85a00a7
940,f9ed5230-c24a-4fb1-948f-da825afeef8c
941,a6c89401-5294-4a0e-932c-2ed34311c33d
942,497116bb-d76e-49cf-b838-f7725a9a74f9
943,6e22f099-648f-47f3-ac87-66aeb135d7cf
944,c18c02c8-5789-4486-a7fb-98c8242aa93a
945,8e17e946-21ab-42b8-8760-969237547c99
946,af756f63-dae9-414e-b92d-f1c772303ff5
947,e0ed6d06-30aa-4225-8b5a-a62483c0cdcb
948,e40aea74-642e-45f2-8de0-b06b45103255
949,d380dcda-6aa7-4b7f-841b-39eb885fe98e
950,81e5f544-aeaa-4dd1-b233-daec2aa562e8
951,75870ba8-693e-4a07-a5f5-97382e8aabdb
952,83021bab-487a-4ebe-a848-4412c5176ff1
953,0ad6b3b8-dc7d-4012-bf11-f1f59018fe2d
954,cb9139ec-acf6-4e29-a613-02b7cf3b5c82
955,18932a31-99e1-4c99-b1dc-e445cafea8fc
957,1737a9f4-8f1f-4783-8125-f0ebdd21b1e1
958,f68434e1-ee8e-4125-9ab3-ed29b5a4716d
959,9a4cc2f9-3764-4134-993d-53ea68563577
960,a01ed5a6-a694-4b56-b3d0-636fef948df8
961,0a32bd21-8848-4b63-bba8-87bc0e8740f3
962,808adf33-9af9-489b-8cd0-93a7281e7c06
963,f8d10145-be59-4990-b7de-0ebd4e94b229
964,b0b688a6-9e5d-460e-a064-eac8c071606d
965,592ca8fe-037d-4fb5-9eea-08b3c2507bbf
966,2780840d-3747-42c6-b687-5a9176dbbdf3
967,7f88fd16-a56d-4581-861a-c1b9ae4e1240
968,6ffe0868-96af-410e-a68b-dace19cb9ee2
969,429668c7-e044-41bd-b6d5-fe64a14f05cf
970,ba93f365-47f3-4fc6-82c6-53008c18a404
971,aae8ad09-fa26-4b40-8f20-47feb698e6f3
972,12b620f4-e9a2-42e5-80c0-e1de7d7c0a77
973,d8f776eb-d495-4f6d-9575-cb4d93303cab
974,9397e1f5-800c-4e00-b145-c4c2f31a7f6d
975,76fedec6-dd0e-4d51-b52a-bb8817d5a151
976,5e03c505-fa52-4f1c-9bce-0dd8e29d3786
977,481e13eb-530e-4fd6-b7cb-89f6736aa7e9
978,70c100d3-ab6c-4383-a0de-adf13c400e7a
979,b74df7fe-3a88-48ff-93ac-ef635b968b74
980,b82364fe-95f3-4659-a733-24f0af02d99c
981,865680e1-ca14-4bb1-9bf6-571faa04a72c
983,d8010347-2eb4-4a49-b193-a4eb9f906307
984,f87c2bb0-66a9-4a1e-9f50-703b3edb5d95
985,49114528-8d2c-499d-ad9d-ef55a872e67a
987,f4cdee05-290e-4b6c-a5c4-a1f1d729946c
988,859a6885-14bc-4f68-b7e8-d80c552d8d61
989,982faae8-a9b5-4cd1-983a-2004d830853a
990,d80fdc26-552e-4f86-8b2f-a50630cd7f55
991,5bebf0de-242f-46b8-9f17-dba6725d75c3
992,e22675e9-ea4d-411c-9ef2-a2ae694b115c
994,4649038a-e3e1-4ad9-8b29-c1795bc498ee
995,f8b7e1e2-4dbe-4bb8-871c-7bbf07503354
996,fd6c7e6d-bc2e-4323-8234-af4a6685dc9d
997,e45128f3-ac50-4a67-9dbb-7346e0483c4e
998,779f2c3a-1f3d-45cb-a9d0-93db644d2f81
999,5d6e7063-3602-41dc-a2c1-d2bd4bd0e599
1001,4c49afeb-725a-4b9f-aca3-e2413cfd1abd
1002,e498abd1-9a5b-45d5-8d2f-7190739e7cda
1003,91616aec-643f-4d9b-bda5-58531a74ba75
1004,d4c3dc79-d4a4-4d6f-96cf-411a95875b0b
1005,3aba7609-552e-4872-84df-4aebd601b6a0
1006,f51266d3-523b-42e0-b442-2a6cafe149a9
1007,d3e9090e-c860-4651-8e0d-a2eb019a6781
1008,e021568b-7eec-468d-a6fe-02551966b5ee
1009,7c954ec7-b3f5-4841-bfb1-597b4d47f335
1010,81896ceb-9519-4d48-869c-880ccd455972
1011,d4f8ec47-ad33-4473-9ba3-4ceda8c6581a
1012,75466796-cde5-4917-bcf5-90d63035cd28
1013,a0554fd0-0c5a-4411-bae6-f63202ded6b8
1014,81d49adf-f37d-464e-b017-87fe4e08d56f
1015,35461b17-03a1-44d3-95d6-934fa59e83fb
1016,2b440de6-fc52-4f2c-afdd-78996023a02a
1017,2841de39-44b5-4825-946c-10d082ad62bd
1018,3b0b2981-299c-4e42-ab93-4a8f8e153231
1020,a5170ee1-5ccb-45a3-9d61-20cfa4320841
1021,92a6c6b1-2a47-48b5-b0f4-8c4b625b2a51
1022,b45956e9-61d3-47aa-a6d9-0edc1ad4aa07
1023,148f71b0-c8c6-4b6d-8ecd-03b3335c5bc1
1024,73759400-d51c-48eb-bd99-67eef5712aae
1025,3c2be0cf-d7c1-4738-87a7-de17c887ed69
1026,a9d6d3f5-87bb-4cb3-89ae-d371bfc79c68
1027,83858507-5ed5-43b0-99c9-5756de5f5c00
1028,8f61aca0-3219-412d-ab02-da9bb5419326
1029,8b948ed5-a162-4d73-8659-1b52c5ef849a
1030,637e0c00-31b5-441b-bfa5-ae20bf8f67f5
1031,4ac2c731-e3c6-4b69-ab60-c16010641760
1032,12913346-e6f6-4ca2-a7b9-8aa38e65ab56
1033,0fac7725-966a-43e8-86ea-56d5a509cef8
1034,6641ab70-87e9-4532-9598-9e525a7ebcf9
1035,52851a94-bea9-4ea7-977e-1b7844244ba4
1036,1392ec1c-731d-4631-ad5b-5aa7fc880845
1037,76fd2596-0cd9-4fc9-8a07-e312f7629aff
1038,e9ebf4aa-3a25-46b0-8591-7386b6aee8f8
1039,bf0a2c84-6c92-451d-b804-c02f9cf2ae7a
1040,dc53b5bf-9c8a-4b0c-adaa-1eceb0e7a3f0
1041,3f0e6a31-9cf7-4286-99c0-f17f7d694441
1042,e7132688-107d-4e52-81a0-b8cd73f8299e
1044,b28962d6-3566-40fd-a04b-bc44b2354e7c
1045,a5593173-0223-434d-946a-9e71a9c7a333
1046,a0239762-e43a-47c5-9f9c-a356a6996384
1048,e5799d66-b85e-4f27-a17e-f66ad36e7ba6
1049,f8956322-ba44-42cd-81f0-33a62ec50c38
1050,a87105b1-894a-4e5c-9ce9-474b34551c1f
1051,bc810b94-ee49-4d67-906c-7f86013a4bea
1052,a88d80f6-f4e5-4a2a-ac5c-e8b803f0e7d1
1056,89c842f1-4c3d-435d-9ab1-15e322bc5957
1057,03985183-4321-4640-a7c7-cf5cef601749
1058,6b671d8a-b5ae-40f6-bfb9-101fb51bf02f
1059,2e4b9955-331a-4a5b-80cc-019edb524cd4
1060,b2dda7d0-7c58-4864-939b-957ea8a17fa9
1061,e98d99db-f917-4da8-a7bf-116d235b9138
1062,62a95388-a68b-49b5-8e1a-c75efcd2179e
1063,094cb585-7f65-4e8a-92f2-2b190b9319ec
1064,a6dc88ed-1da0-433b-8119-403e706a8e21
1065,cee585d2-b0c1-48c2-a2d3-b4c6fbd1e790
1066,e17c893d-5ba9-4f8d-ad8d-4a15a9efe5f8
1068,59668a2f-cad8-4b02-a697-ed92ed506ef7
1069,f19ab015-834b-4b41-b618-52cc327e2128
1070,476d3e21-0f71-4c16-a5af-5360b6a2803c
1071,9656abfa-53e8-4913-910f-1ea06abb2e01
1072,099b85b3-0ed6-49d8-9cec-6be4e57e2ca2
1073,85ddc85c-173f-4647-b49c-b74e4e5c0d85
1074,220d5ff7-abed-43a8-b764-ece9e7e31e98
1075,07ab4588-e66f-4677-a601-0aeb5adbb124
1076,5a2b0410-11fc-41f9-a54a-88457da788e4
1077,d0ed17cc-76a3-4cb4-af21-3206a3742d82
1078,1d9827b0-0d7e-44c9-a705-a1cbb6a54b43
1079,3a041bab-231a-4318-9f8d-8aa7d90cca95
1080,06e0a52b-25b3-48c8-8d0c-cbee79e0935c
1082,6ba52e99-2283-4702-8051-1dea9fbb63b7
1083,1d9c469e-ac27-4fc8-aa7b-9e4b603c2016
1084,c3d13249-f0ab-4ded-8c1e-751a05ab48c1
1085,6dad09e6-0ba8-48f3-84d0-6775d702f749
1086,6e1563fa-9d1c-4703-8908-a4baa17f5d04
1087,d6316354-2aaa-4594-8a4a-d857f3434b61
1088,eee370c7-5c2e-43f5-bbed-cc48e14fcb41
1089,46ec75a8-a1fe-4d20-b621-17bcbd4d95d5
1090,a0a4966d-b86c-4bf2-9f8c-4f768b2070fe
1091,842ae509-d573-4735-983c-a6f9a3865728
1092,9d10a6d6-0106-4914-9b77-3f6cf99d2ec0
1093,66b806e5-9457-493c-822b-8d71fad87470
1094,b76303e6-8b00-4fb7-8037-eb3ede9ee89d
1095,a86608ac-45d0-4c85-8652-02a26c64921d
1096,5de968ce-e7ae-4b1d-bacc-f41091b39320
1097,776d3ad1-8c18-4997-811c-6d7c8a587f73
1098,65496256-883f-40cd-bd97-ca0f5d0a8111
1099,89081ee9-7249-4d03-81e0-75ba8c292b28
1100,d3522033-42ee-4509-b091-6191fad40b95
1101,2a9daf47-44a9-4c0b-9f64-7158db892f68
1103,c6cd0563-21e1-49f4-be58-405bf48399ec
1104,42396f1b-e565-4587-a7af-0cca6cd87974
1105,4366b7c1-3e3a-4259-b9c7-616e68700c73
1106,4465116a-2202-41a2-959e-6df60171105c
1107,48886634-7a1b-494a-bd1a-d32d8e41248e
1108,3575bae2-56ed-4adc-9b5e-0c020235976e
1109,2807d921-24ba-4825-8a2d-d4c664c2aa6f
1110,5f08496e-7443-4767-a98d-71ac958e416b
1112,3adbda38-a1db-413d-96e9-7b208092790d
1113,65d81c3e-fbb2-470c-838f-596c0df47a73
1114,a321d792-1b53-49dc-b83e-24a74b443e12
1115,d1c56dbf-133c-4aa1-8de3-e03c75088795
1116,2edc32bb-6cc3-4a46-8ed1-b92e39c378ca
1117,2d51f4ae-b09d-4a04-b226-39fb1eb692f8
1119,9eb47dfd-9a4e-4b04-8873-6abe887aaa52
1120,ad3337c3-968c-46d9-af06-d2e9b6c45078
1121,568192bb-62eb-417e-85ed-65ca2a9a6eb9
1122,4d8bfc03-42b3-4195-abec-3aa0b2a63f9d
1123,c7bc5e9d-b02a-4d78-9975-826408bebf4c
1124,3b532ed5-d660-4b8a-a50b-b4e90d3dbc2b
1125,9863af9b-c1ea-4e73-b9e9-6db88cf1dc44
1235,7862eba9-be72-4f11-8817-386e28520337
1192,ec95e966-ab28-41f0-ae32-eee920c18ea3
1191,b079e6bc-f8a5-4e67-ae84-4ca270c6432e
1190,804d5b73-f545-4971-9ae5-9cc9b21d4afe
1188,80353415-ecf2-47bb-b5d0-8cdc3b95518a
1186,0aa0a7d1-734a-41cc-af21-cd9735ffabaf
1185,a9221fa9-174d-4d13-ba45-01bed1c47e12
1184,b6d6c211-0717-425c-8e5e-1f2d75989fdd
1183,b062e646-a6c7-4186-b708-6fe4417b2715
1182,b12975e0-bd2b-414a-818d-c4bb484743e0
1181,06ef99c2-88e3-44e1-a729-4cd4ceeb043a
1180,1a8610b4-acd0-4325-881a-0c44719da9ab
1536,900f466b-fa3f-4c71-ba05-829ac5b9235a
1210,7cc8799e-3dcc-4884-883e-c7f72395d34b
1209,8a699f4d-d34f-4440-a52f-93e850a15a49
1208,24ee129b-8a95-455b-b62d-bf23d2d8ed23
1207,4651f88b-9910-4bb1-b952-cfb633357f57
1206,642b55e4-b90d-45cb-89b9-2ffa5fc2e2c2
1205,81b7fe95-9150-4160-b05e-a602839571d8
1204,1de2f748-cf3f-493c-8950-b9d3610e0844
1203,31976794-6c4a-48c6-a878-ca9db0e5f8a1
1202,83054330-375c-4d4d-ac54-06af93ad8153
1201,6d66b727-8b19-4549-82ab-489af8c69ca3
1200,17b68df2-d7e0-4af6-a785-3afb334f532d
1199,afc0fea4-e566-4667-9d43-7afee7aefbb1
1198,d1bf213c-6fea-4158-a539-e2bcb96b92d8
1197,f5e17894-d7d1-4cb3-99da-84904cd19a5f
1196,1e84a86a-9035-4cfa-b5d2-621a47ff35ec
1194,07a69a94-66c8-4e4f-adaa-8238b8e982b7
1193,fa095828-4eed-43eb-a71d-a1b837650b6d
1187,cc1cd81c-7812-430c-82e7-bd4db6f32772
1177,fb43314a-1036-4c3e-b011-cd6e2ed6474d
1211,e708def7-eeb6-4e78-ac17-3881ff2730e2
1212,93e32818-c728-4e1d-9636-149a386ce4c2
1213,c2d471e2-26bc-4c6f-b592-57c6b0a912c9
1214,50712f05-92c4-42af-94ee-f32652675bfe
1215,0f9747d2-b718-4bb4-99e7-10799f4f0875
1216,c641769d-2dce-4076-9e50-a1a2d2cf5a75
1217,d1af6a6e-f702-4376-b7a1-5e69910dbdf1
1218,93aa051a-f553-4fbf-84ba-878ec6c498c3
1219,325b8df2-d1af-4d29-bcb2-f6c9e8fbf904
1220,98da5870-172b-40d2-87e8-f0fcd2e16760
1221,294a0986-f46b-4a91-8846-4dd10bbd0933
1222,dc450f42-4ddd-47fd-9547-c1d1012122b8
1223,5c7c1d87-6c7e-41f5-b074-ff9df5c20f63
1224,c858e821-4f18-472f-ae7a-31bb3f6de8e5
1225,28107ea7-7b77-458d-8564-de04d336b414
1226,e47b6ee6-26cf-4a4b-bb0e-c713583b9248
1227,e0853615-ef05-4c3d-ac6a-6263dde526ec
1228,ec16fe4e-fe6e-4aca-90f3-9e7a39d5538a
1229,9a36a348-be10-4ff0-9eb6-d178879f4980
1230,575fe1e4-0b65-4916-b671-4deb657dfc5c
1231,2ecc2f99-9955-4bff-b854-9f5665cfdf3a
1232,4b75b279-aef6-4f40-a0c6-392757001e88
1233,f2018b29-5b47-4b0b-9915-d1237d9a99ae
1234,d440c13d-b461-4a79-bd76-c21406ba6b92
1236,c1ee2b04-0c75-4dc0-ba7c-5c76bf82eb35
1237,3d7c5bd2-bc65-4716-895c-7875b7a0a9e6
1238,fe29ade0-983d-47e1-812e-3fae0ec95eb6
1239,4b2cef0a-e57d-4950-8d1b-1a64994706a7
1240,0a62092c-b4f5-4a3a-8c13-03f08320c1f9
1241,e64c2434-bf29-4f4e-bd07-00fe808666a9
1242,578978a7-53a7-4d96-8f82-cfeaa3db8d1c
1243,686fd1b8-460c-4774-bdb8-95d39391eff9
1244,ce01872d-d463-4fa1-ba23-6650f8876e5f
1245,77b31992-7f8a-4d3d-8d1e-12c017383881
1246,d16f357f-6384-4bc0-a43f-767d1cb7a907
1247,7b71421e-39cb-4d8b-a252-ddbc80e8d1e9
1248,07d1a1a8-5361-4561-8aff-fe09c179d60f
1249,5f625d56-23c1-42e4-90e5-38e485a79fa9
1250,e8c1ce5d-0eb5-41e0-998a-44e8b56fdf04
1251,f2fe4e6b-bbea-4104-8138-ef826f7fe4ec
1252,307a6993-77c8-4fda-8b13-c1ce6114a844
1253,ed4e0cd6-b763-4489-a46f-92a0a125681d
1254,94a379e3-978d-4a4b-9205-5ddd1bf4c647
1255,73b15ac2-0a80-4a17-814c-47d4987f967c
1256,fa56ae6e-ff4f-4172-8403-1c81f0fa8f37
1257,cea1f8a0-7c88-48ef-b9ee-5e33b04d0abe
1258,fbf64b5c-9f99-40ba-894f-ffcb91979835
1259,61f1116a-5c52-407b-9eff-991f38f7fa23
1260,0f244d5d-b280-49e4-b25a-3cd7b615bf2b
1261,0bfce909-bbf9-4a03-96af-3d43ced6bea4
1262,3e75725f-0793-4d45-bd15-8dc5d6e5a2a3
1263,5327703a-e9bf-4f04-ad17-d901c3d0b3c2
1264,dc81f59b-17f7-451d-94e9-58a1a0805398
1265,ea3d2d1f-b442-4bc1-a064-86c64dce44cf
1266,a4b9102e-80ae-4321-afc2-a951f98fd694
1268,632e6527-cec6-4c49-b826-4c1948ac6c85
1269,03c77a53-d9a5-4c96-939b-e5181683d691
1270,9b0b10b3-e47a-4b5b-ac75-6821faaa7084
1271,33c54f30-695b-44fe-b9ad-cc2c177efa03
1273,1539e8c2-2c35-4da5-a318-01e7c91ce3e2
1274,07eeba43-0ca8-458d-95dd-cf478c9f3d8a
1275,d024f0bd-ce34-43c5-ba35-1102c9ce833a
1276,311a671c-3624-43d8-9d36-6f5beebc57f8
1277,3fd7fec6-f2ae-43a6-8463-ffdd448c3c24
1278,969a9bfd-7156-45b5-8e34-29ff4d1a11f4
1279,4971f28a-9eb9-412d-9fc2-6cf0e48d2da6
1280,2b2e163f-104d-4a88-b810-fcdab8280b98
1281,5b973928-ee25-4204-987a-149c07d1948e
1282,483d05e5-e710-43d9-a00f-8c68e6dd59bf
1283,b1e4b164-8fc4-4203-ab25-8a94a64cb6d1
1284,c4e61350-313d-4948-b688-a18e1573ecbf
1285,ac506747-acea-4e6c-903b-fe347f2e2b9d
1286,876302a8-6c2a-47db-812f-5a5bffdb6845
1288,743307ee-6f53-4e10-8c15-119b4ba548cd
1289,59d96a83-2b09-4b00-8298-5280e2fe8f10
1290,1cf2ce71-fd89-4129-a047-e947d7a982aa
1291,51d58719-682c-4aac-a770-1174b2809b3e
1292,38ff2b13-2c7c-4e1b-ba66-2634832812f1
1294,e7542251-8f6d-448d-b49e-b75b114ec77f
1295,e5cfeba5-6d14-4c7a-b307-9ddf9378198b
1296,6f73104f-7428-46dd-8563-d05272789632
1297,99a536c6-8f85-4ef4-a9f8-333fd5aa7f18
1298,0655bc54-643f-468f-861e-71f86bb1b865
1299,439fb7bd-a42c-42a2-af7d-f5f3024b2eee
1300,b9101fc8-346b-4581-a201-be496035fa6d
1301,07ab97c7-dba1-49be-9e01-8e4606210399
1302,a6fb8230-3570-4d53-a798-1a4a225a4e05
1303,d6312d9d-d56f-47e1-a2fd-d431333f8cb3
1304,3366838b-3092-4c23-981a-ec7c30faa357
1305,dab60606-86af-4701-b39e-9b1646b8b93a
1306,b1725278-50d9-4fd0-9d1f-2264a7758a87
1307,132fe144-fc75-4e8c-a476-a5fbeff6173d
1310,198a7a35-8bbe-498b-9017-073f4799b399
1312,d39ab5eb-a27d-4662-b97f-a0014323b6ba
1314,0ce71ed1-38e4-48d5-8aec-b0851518c068
1315,00f102ac-a230-40f4-8c57-57aa30d89b77
1316,820823fb-bba7-4297-af1a-df4dd43a3939
1317,2e05afe7-24f7-4978-985b-e92b896d494c
1318,2332cfff-fa4d-470c-92c0-fe9217457932
1319,57407e0f-34a9-413d-91ec-9aba07548713
1320,585be85a-2f95-4fec-9a87-c83360447aa3
1321,59cb9c95-aca2-4cb6-b4fb-a6638628b8d5
1611,a0fe3f5d-3068-4034-9d87-e8d0f4ab1456
1324,05f49911-9ffd-4151-a263-90c4c7028355
1325,ae4d74c3-2085-413a-864c-063f77d60c02
1326,5b29719e-ba9c-4371-ab93-6114e699a492
1327,f94ef7ec-474c-4686-be1f-1a6c509a2450
1328,6ceb7c01-0242-4254-86f3-bf3dca2fc2b4
1329,15c1e3d4-f829-48cc-a59a-7c36593136df
1330,b6a183e1-734d-48bd-b511-06c396d313f5
1331,82ead902-ebfa-4035-9f4e-c4a9fe600622
1332,08959f74-3f8b-4af0-bf68-9f4b40a464e5
1333,7105eba8-b5a7-401c-bbc8-a3317869c7cf
1334,655e52bd-9fed-479e-a5db-e0cef503130f
1335,3332f040-11de-45d0-866c-00fea7d3518a
1336,fbd49541-baf6-412b-9a40-c6b548dc0d2a
1337,bd38cac1-da2f-42a9-86fb-0fdd4dd71f7d
1338,c95c3473-3f0f-4eba-b027-d568f87872af
1339,9faef007-21e2-44ce-bebe-1eff651b9dd1
1340,0c5ed9c6-428c-4d9e-b1cb-62f01c881296
1341,f5bf6fe3-fe3c-42a9-b76c-2747e30de8b9
1342,d3890194-db39-4cc9-b6b9-ad107ad86fed
1343,002e7ca1-4df7-497f-9dd4-908c9abcb695
1344,43282356-c548-4393-aa4a-f77f3448541f
1345,1e9f31e1-c501-4f76-ba87-730e059db1f1
1346,9f362e0d-55fe-4b09-bf1b-f8d2109bd76a
1347,0a639bc5-abd7-4070-a961-e92ed6f94fc1
1348,d465a865-0fe1-4b37-9fe1-fd8088b8a130
1349,e4d1701e-bba7-459d-b9c9-9694d200df15
1350,b38441ff-6cbc-4af5-a67c-c7b3d9d7824f
1351,422cd7dd-52fd-4a83-be8f-553c780ed721
1352,b69fe309-44b1-42a7-b12a-f23d1fe81339
1353,413bfd31-3d69-4d58-afb4-4942683da3d0
1354,0023c85e-6a8f-4fd6-bcea-2d144112ec17
1355,7a019c0e-c69f-497f-817c-37a277dc10b5
1356,7abc5842-0a16-4ce4-a171-fd751182cb6d
1357,794163f5-3ffb-4e13-ae2d-07251a434b5d
1358,83857962-096b-4f5a-b75d-456c871f9d9e
1359,d7e8582f-4dbd-4e33-a8d8-5d1782e6fff0
1360,94b68b4c-6ca1-4a92-a92e-3aeb8488a747
1361,40a07ee2-0257-4ea6-a856-8f15c5dad4a9
1362,1b210c5e-73a3-4cd4-badd-599ff0d63a9d
1363,f8f89a44-cccf-449e-84ad-d59ffe5e945a
1364,deb84da4-54d7-4639-a037-a5a85d2c3723
1365,64c4d450-13bc-4aa7-a21a-5256f97f4e76
1366,99424f6f-1bef-40a3-8497-80df1dc068d2
1367,afe6c5d3-c9c9-4a2f-81e3-f549fb2b3afd
1368,02b3583e-0a4d-43aa-9f17-d19b4858cf3c
1369,7044a8cc-5708-4bca-9234-9fe99d1f076e
1370,c176c246-1098-4394-9b2f-5bd9a62555c7
1371,e6ff5759-88a3-4274-ac24-4df06d0dab5b
1372,12d2590e-bdbe-46d5-ad22-d654cf3a803d
1373,56c9f257-4fe3-417a-8877-0c3a33cc9060
1374,5085b7ee-d6e9-42b3-af06-59cfa50ed145
1375,8ab7837d-d6a1-4348-9965-00b4081dbc0f
1376,61839d12-b2ba-4153-bc6b-b857035f9e6f
1377,567a5162-ef4c-4dec-9ae7-b6d47f1ebae1
1378,fb63e824-a599-4e21-9b24-c815d9c77f92
1379,49ed1c32-af63-4e96-9b56-84c6d3682d68
1380,91067c87-926a-48d9-937d-cc3c75c26318
1381,d8995408-4ab4-416b-a204-946f6c2a5436
1382,71038927-4990-49d1-8255-1ee451a3afd2
1383,ebcc656e-d811-4ada-93d9-35cf6d407bb5
1384,8a994d67-3393-4a63-87da-cc7ac20bf0f7
1385,a2bd5b37-e514-4a93-8ef2-0b8cab01b13b
1386,a6d1255d-26d1-4d39-b98a-0415fa140121
1388,75ad71dd-419c-427b-87c0-5ddb9dd4ae7e
1389,f94e4293-9da4-4cd2-a4a2-dd70c693e34b
1390,fd4c3bf4-d124-4782-b23e-0ae072c8192c
1391,903a7fed-6965-475f-812b-667358ea4a1f
1392,761c6484-c8c6-47f1-b849-c13db4fc93dc
1393,e5e29044-b725-4183-960d-f07b336d39ef
1394,db5e0ebf-bf9d-4fa6-8325-80cbe8e995a4
1395,f5e1c713-da4d-40da-9ece-2ed478151a53
1396,59654cd1-8e16-4d32-ac9f-5596eaa69ac4
1397,8898b6c0-4488-42cf-ae63-32683d76289e
1398,b74e6feb-0f3f-4a3c-a3d7-e52b43e03147
1399,c65863ce-b610-452c-9592-dbcb5778be5e
1400,c98a53f7-c64d-4dbc-8634-26e328a92bd3
1401,0f9fff48-b7ab-44f2-b340-e89cdae9d95a
1402,75108ca2-93c8-4793-8792-e806ce17d74b
1403,eaf4946f-124b-4e81-9446-c233402d12dd
1404,63c64e75-a519-466e-a290-e54a8e4a57c3
1405,aea10603-3146-4a6e-b6f2-a16ac1b9ff7f
1406,e194ec8c-642f-4ce7-b09c-c67d00bbf9a5
1407,b9ef977b-7aca-4151-808b-7ac56b6f08f1
1408,3107ed14-3e51-414b-86cd-8dc951132354
1409,de7f7aeb-3532-4920-8e1e-7f0d575cb782
1410,9394519a-9a95-4e2b-8b83-2f96e59a1aa1
1411,d1066dae-1bc1-4de4-b908-e3b605071744
1412,2174f364-9d70-4dc3-afd1-913f74b41a90
1413,b82f61a7-45a9-4016-ae54-1f0370b83859
1414,864d39e0-e222-44b3-95e9-d5cb95f08e12
1415,b3bcfe43-582c-4b23-86cb-9f1d4cbaafca
1416,1ed2e94c-b454-416e-b9b5-7f2ef6f8c5d6
1418,d443c1b5-5f7c-42ad-86f8-763087ec3384
1419,50de1704-fdd8-4787-99b3-7d13adf41ce3
1420,bab26605-5cb2-4db6-9931-ec817f64b656
1421,64036b02-dfa3-4aac-90ff-f17c80f896fc
1422,34fa8490-55a9-4976-88d9-54c61fcbd5e6
1423,bb9f1095-bc9e-4593-b83a-c92d53f397cc
1424,94dc234d-1770-4171-958d-3132dbe5dada
1425,79f89acb-d4bd-4fc9-bbb7-003a1b3066fe
1426,e346ad0a-c74a-42fd-abcd-a692c0268284
1428,89a79873-e934-4b23-b8cf-7836a3c7bb59
1429,e4b0976b-5b18-4cb0-957d-6dcacfda79d4
1430,d5bf2018-5570-437b-a490-1259f8ca7c95
1431,9ea721b1-d92f-439d-9417-a77b5b68996b
1432,bb1db985-c401-4cb9-b838-2acc0332d9bc
1433,f768c758-5fef-4084-bbc6-81a68fa32e09
1434,a266c12a-96de-4a7e-9b84-6ac05302d379
1435,2e3606c1-6983-4cfe-8b31-8fc01fa17c3f
1436,da498334-1d87-4047-a418-245c541af213
1437,864b022e-6654-4a6a-b1cf-187a54ccea2a
1438,2bfd8f3e-86a6-49ca-8da0-81745c0556d6
1439,3023c1b3-cd8e-41eb-9a6f-55e0380ec12d
1440,cd958fbd-12fc-493b-be19-108e3df7e1f4
1441,5a9350bc-cb2a-44b7-a456-a653589bc915
1442,9d9ce628-e04f-47ff-b073-35ef4538dc50
1443,e98f2bd9-b4dc-470d-aa31-681e2d78961e
1444,6091861e-5369-48b5-8eff-f3f748f0118f
1445,576dd402-a112-4a56-8d3c-29d15dbda0b9
1446,5ff84472-1314-41d9-b1f2-d6790fbfdff9
1447,2cdf4753-ca88-482e-85cf-32c1d251f89e
1448,d27dc222-c4cc-4407-9a27-a8ff9205baed
1449,cb57ec6e-50b9-4148-b27b-94a9a6daa4a0
1450,3a49ac43-b576-463c-b2c4-c98fb1d914fa
1451,37fa162e-f3cb-4127-b207-f5c0737d7078
1452,8564a111-7d8f-4bc8-b513-fb36f1e2ac74
1453,5e237269-03d0-4dda-925d-d5b0520c50b4
1454,1283e7d8-0b2f-488a-a649-771a155e3852
1455,37628592-7e9f-4f75-819c-b91eb28b02d6
1456,9a4f0dd0-7f77-4a9d-b24f-bd5f62b0c676
1457,14af2c71-39d4-4e76-8f5e-fe4c1e3fcc5b
1458,a5335b66-e7b9-4130-a67c-5c130d197fb9
1459,7a3713d2-3f97-4823-a70f-314ae6f67b11
1460,9bc6130e-b520-449d-99ff-94eb7ca25b9f
1461,adddefbd-37eb-4fa5-8d3f-7afe286c061a
1462,fa1d47ff-de97-4f91-be7d-864c86b8887e
1463,bc4f8d77-d467-449b-96ad-ac2f67d9ffd9
1464,03ad6087-61a9-4d4a-b81c-591735c72510
1465,66bab0e3-ce11-4548-91dc-bc8c8bb702a6
1466,a575910a-7b2f-4bc8-8ab6-0adbee13132b
1467,9dc19058-a0c2-442e-b392-75480c8517fe
1468,dfb6426e-43d7-4407-b35d-135478d3370f
1469,776ac9dc-6bcf-434d-a172-f9b8d8962694
1470,e1ae599d-6e82-4264-ad11-6d35fdc5bfcd
1471,edcbdd9d-ec8d-4e8a-9ebd-7a6e2888b559
1472,e7e4694d-aa36-4b04-a82d-f4c09a1e892e
1473,0015532c-bea9-4a28-8872-33117921850b
1474,98613fcd-c56b-4ef1-a4f6-1841c51425a4
1475,916dff69-86c8-409c-a425-0741842ffe58
1476,df565520-941f-4878-930d-89e2505fac52
1477,88d953e7-a59d-41a3-8f6f-f2c106a218da
1478,8e117f6f-0ef9-477d-9549-1f9ae21c8167
1479,99a274eb-346e-4fda-b502-952448593fc1
1480,f99fa0a7-b23b-409d-bd9f-8b03d30853dd
1481,725bccd8-2d49-4450-bd9b-2261e1182567
1482,d4ed863b-0e15-4bc3-9dd1-d48e3ef0f0fa
1483,1990e65e-8dc9-498f-9082-143abe4e8b93
1484,c27e872a-d019-452e-8018-5174177330c4
1485,0e3495c1-dcd8-4a7a-bfe9-d9be154e2ba1
1487,206f6567-4484-453f-888c-b150b37c1166
1488,1e105f94-be59-4249-91e0-710572abea67
1489,66c3ec82-e930-46c3-8670-e283102dc1a6
1490,b2d1a74c-4925-4a0e-9d5b-99112feb0fbc
1491,8a06412c-a0b4-4003-9e3d-48dbeacbfc37
1492,f08412c2-076a-4e9b-a8a4-e58a293e0227
1493,b943c571-ded7-4dc4-9248-35e7565ba1bc
1494,0b8f9d00-9b88-4829-8f09-a436214ada8c
1495,915012e5-bf25-4f3c-aa98-cf5753ca30b0
1496,af69b77b-6317-4f38-a7d0-1249f818ef1a
1497,c2caeb85-e762-4b30-85af-4b3d7ae9773a
1498,8c938ae6-2602-4b27-90ed-43e8a16c8834
1499,54d61ab6-57af-49c9-8870-9f268e02d50b
1500,e9270a7a-189b-4acf-a3d8-8484f3049aca
1501,fa1e6e38-0644-45c7-a330-29ecabd5ed8b
1502,629bdfa5-4966-4c99-b0ac-52561492d727
1503,7474f26d-ffc9-4c95-a708-887e79333178
1504,b875e317-d0dc-4660-95bd-2bfd1633e2ed
1505,8a2fef37-d685-4f20-9605-adf9bffd0fa3
1506,4ed57fa2-0543-48ba-b5a1-6953334ade36
1507,5edb2314-182b-4d94-8d51-054c10f965a3
1508,d512a614-be8f-43b2-bb91-d39d778b66f0
1509,fc09cc21-f99d-49e1-accb-ecfa5f4f001c
1510,c280cdb9-db9f-4226-9492-fb687c38c09a
1511,a1d240c9-c581-41b2-8370-bbc130836418
1512,2b3660ef-725c-477b-8dc7-69d5883c5c05
1513,6b074393-2a02-4551-8dff-7f03bbd45e9e
1514,cde24501-d5db-4b89-8407-9247cb1591d3
1515,9c41769e-04f4-4921-acef-48a7e45f8acf
1516,955e4aa6-bb28-4da2-b2d5-e3495b3147e1
1517,a0065891-a1ef-444c-bb51-7a5bad1d9818
1518,d7928b11-8ff0-4f1e-aeee-192fe4ba7019
1519,70c6ec25-bb65-4af5-878a-e12ee412cecb
1520,30b461a7-5683-48e4-a9ad-d83415f13113
1521,8b3da9de-7564-466a-a441-012cf010b920
1522,8966461e-eb39-4196-aa6f-9531a054b2dc
1523,4acc227a-4203-40e5-9e38-abf89894ac8f
1524,03d212de-009c-4319-b4fb-eba7cb0d8e80
1525,992ebfe1-50fe-4206-8fa9-6fa439226369
1526,367a0ade-aeea-4ba1-990b-d3e0ecdef604
1527,4e889a4b-5538-459d-bcd0-3b4d357a80fe
1528,3bffe1f3-2f99-43cf-9841-61651c97bde4
1529,f92a4bb2-c672-49d8-98e3-0e8835a6c58d
1530,6c5e08d3-da29-45c6-b20d-5ab9c306874e
1531,027bf778-6ff8-4180-9cc9-d498960191ee
1532,1daa5ad5-66cb-4edc-8c06-2ad5452097f0
1533,51c72fe6-70a5-4e13-831b-208e34df60cb
1534,43d724a7-353a-4eae-9ab1-ad075b6489fa
1535,15135dbb-41fb-4fcb-ab62-927f36dbbbb6
1538,9a69f23d-97b9-4506-bca3-9f2316f2c5f2
1540,7b65a007-b333-4cb1-aa36-af40c20aaab4
1541,a99af5bf-87b2-48b9-82de-3133c64ef8d8
1542,4d01c08b-29a2-4d24-8e94-8dc8d4f49bdc
1543,2570d85f-55e2-4b6c-97fd-0e5fbd6b1139
1544,6e544307-3569-4fa6-8801-cf1cb28c337a
1545,b6f778c1-2005-4aa7-b9d9-7b716907d5ce
1546,9650070e-0951-4d8a-8213-74dc40973e4f
1547,f2da27ed-7758-45d2-9162-a07084ec142f
1548,bf0ddd8e-7f97-4f0e-a38e-82aa1aea362b
1549,0b1675d8-2d1d-42f4-8db8-2c5e31c14277
1550,4f6c5885-8d94-4f1d-9117-2bc4a7ff6572
1551,c38c8a07-9bab-48ff-b57f-4729fb006dac
1552,59e7ea2f-81a1-4517-9656-3a94cc42b18b
1553,37b2857e-3897-4244-a5f0-e7fc04966012
1554,254380e6-d1e5-447b-9e30-3d5c75ebb583
1555,0ec19106-a219-4692-8c36-2937fb615c90
1556,13ae4783-9bca-495d-9433-a4de0d777d9e
1557,54a0362d-4596-43b4-9332-7fac7b490e77
1558,1194e5d5-4a7b-4aa4-becc-c1aaa2997953
1559,43db05cd-4520-44d8-995b-2293d2dbd779
1560,c38ebfd0-1753-4ad0-9cbb-be0e940067d7
1561,35a7dcd5-38e3-4176-9fd5-be6ce44ddef8
1562,d8881fb1-c2c8-46ba-9f90-039d834cfa08
1563,8506746d-0ab2-4b44-9d04-dfd2eab66c57
1564,cb288294-efed-432e-848c-2a40b3bab349
1565,7add2761-611f-4b13-8b84-a51ac710f5d6
1566,5fc7cde5-9d75-4785-8092-64842ea255bd
1567,1f3a576d-f34e-4808-a21d-342b70369486
1568,d062cd0b-d928-458a-a207-db919388c538
1569,798936d4-f299-4e0c-8cc9-2718359cc13f
1570,6b436eb8-da59-49e4-9cdb-b7dea0b730a2
1571,aee15c07-8caf-4e2c-bce1-2e5941c13580
1572,df290c29-2e20-44b4-91db-5f96ed1298ef
1573,4895c682-ccb9-4027-9554-287910e63b5b
1574,9711e36d-b968-464b-a6cb-a9a7517eaa76
1575,161b35c3-e72f-44ca-82e4-a71794b8cdef
1578,fadca2c4-2275-4cec-8315-d2d3f4cf7d7c
1582,570d7b78-8dab-4358-a8a7-95e9c3840c89
1583,96b9e509-e627-4d2f-9a5c-493f408edb52
1585,f5fbb5a8-4698-4d6a-a964-58c9ae3efa26
1586,1a40a80e-8730-4e6a-bbba-a910dd0b3d06
1587,a4393c2e-8ab1-4d4b-afa7-d1a6549602a2
1588,d2c948a5-4fc3-4f2c-8687-861705be9dc8
1589,93f8113b-7f33-4bea-9793-456af01013c5
1590,4495b628-f460-4654-b9f3-dc66520c1313
1591,b7cc4696-6608-4c21-a381-a337aa523e07
1593,0ec10d12-f0b5-47bd-896c-2866b4695722
1594,d0384d27-eb1a-427c-957c-b3760e8ae213
1595,27de3c26-91c1-48fa-b734-4f678a594864
1596,49b39c44-e6d5-4800-ba00-af8609855046
1597,511a6b19-5d54-45ef-ad95-98fee090bbb2
1598,24968ef8-18c2-4ee2-956a-95825d2350a7
1599,b097f743-e72c-4c60-a493-11f62665c9bd
1731,f9e41d5f-b59c-4e8e-864b-785e74efb6b7
1610,9b141df3-faf0-4bdc-b621-2dda753013c3
1602,521dba04-0173-4e4c-bf1f-94a88ffd1873
1603,ff00d69c-6e3f-4d2c-9c61-2f3dbbff9654
1604,ccbfdaff-1f12-4205-8869-c12f2ec18c0f
1605,15187ec4-1546-467e-a92a-38f346291384
1606,70ee2d71-55b6-4c41-80be-6107bb04b08a
1607,1f5ad51b-e06e-481e-b514-fe626435f307
1608,7f7aa8cb-acbb-40c5-a9ae-37b0cdb15eed
1609,95d3cf98-0c51-48c2-b913-c8c15a855a85
1613,601f77c6-67fb-41f1-89a3-108bdb19f969
1614,6ba1ec27-cb49-4423-a577-394ffb2ab058
1615,38576aa7-69ef-4b92-9ba1-da41312c8b12
1616,615468d5-8109-44d1-a504-ef24669c101c
1617,4ce8bcfa-a960-4e8e-81bc-c0c0412909fe
1618,70920c69-ba45-4c35-a86a-2279ab91b136
1619,e80322fc-574c-4408-bed9-3880fd7f60b1
1620,413293ba-6e57-4ce5-9efe-19471ff3f9e7
1621,9a09b8a5-7bd4-44b6-a166-8cdcefa0cca6
1622,d69b031a-a6d6-473d-8b76-7bd80169daa7
1624,25be7c51-6bc5-4a13-afb7-f7df9249848f
1625,a5a49553-8eaa-48d9-ba42-0498426535e5
1626,43b419da-ddc5-444a-9b02-3adec05b0d79
1627,67aa0d25-3643-4925-a3f3-22aebcb1856a
1628,cd17732d-f380-4a54-8033-9f916ac82830
1629,7d310636-4481-44ba-a9fb-fa2f765b67e9
1630,794f0c67-6881-477a-8ca9-f20becfbbca4
1631,c31c2084-605e-4c0e-a75c-b057ef55c81c
1633,5bd15d68-12d2-4d61-ada1-4c0908ead90b
1634,35ebb7ba-5c1d-4f11-a11d-12d4ecb1b056
1635,28d2696b-9cd6-49d6-9e9e-bb8317be0bfa
1636,64c4db70-5905-42a4-a76f-76269f52dfea
1637,ecf743d6-28de-486e-a694-0faa44b9aefc
1638,c6176bcd-5611-4e63-b2a5-d20b7196b6c0
1639,1d428e2f-f0f3-4790-aa62-e42bcc940ea6
1640,c731bdee-6e9a-4a15-861b-8bbac1419c72
1641,71619872-2d31-4d76-8c43-736b665f07b8
1642,2ec250b7-8f4d-41fb-adc2-9231a879d3be
1643,a33913a0-81ab-4b2a-9bd7-092f619ffa43
1644,9cb8f06c-4472-4993-a2a9-9011e5ef1fb4
1645,b9ef8f35-5dbd-4585-8948-08abb85aef3d
1646,ff32d86d-74c9-4bc3-85c4-24528e8ea179
1647,97b7f91d-27fd-4d7f-8ae7-b85ced66f4b5
1648,c4ee259d-931c-421a-ac4e-122e33dc23d8
1649,926ed192-94b5-44c8-8b38-660dd9c373db
1650,6b71d8ec-a66f-4f56-8de1-c97207a7083d
1651,73d2688b-006f-4748-9867-4148312fda2f
1652,6bba991d-83c1-433b-b030-6b6f5e5c48b3
1653,c14bfa86-6b52-4a87-9fb6-e80fe50847e6
1654,f84246cf-cbef-473f-8aba-d09d498c3eb6
1656,5c3dbd51-9134-4663-9ef9-6534d966059c
1657,2fad584b-7d84-4407-8ee5-b4c657768ffa
1658,4939d0df-5fb7-4450-95d0-61bed24b1a9b
1659,8846fada-95a2-432b-a484-7d678113f794
1660,5db3a936-2a5e-4eb9-b6f0-66c2ffca796b
1661,261a4e36-c0b3-444a-aaad-41b8308c5cb7
1662,b4da44a6-8669-4dc7-98dd-e7c9e44b93bf
1663,3e2c12a0-7f1a-4253-b62d-cce506be0daf
1664,4d017fe1-3eac-49d4-87cf-4a8f5b2ab3c1
1665,c4d09766-2405-4656-8321-98d143906ee1
1666,1d59e2cb-aa10-4c23-80bb-a95a1454ea0f
1667,94adb1f2-3343-4ab6-8d5c-a71bc36ba6f8
1668,ee3fa9d8-7340-44e5-91aa-bca86c99bad4
1669,01fccdba-236e-416b-9087-32150d2644a4
1670,807ca84f-4c7f-4f88-ae3c-2882014fae75
1671,178782cd-7c1a-462e-a9bb-d248d2b11e8a
1673,678baa4f-4d75-4a9d-93e5-add80bf7d190
1674,8d182493-26c3-4070-90e2-b0ee66f512d6
1675,e044b5eb-884c-49d3-ab85-e87c39770cc8
1676,fbd69dcf-24e4-4a72-9dfa-d9d4ae5d3cf3
1677,af0509fa-90e5-4d2c-8413-fe3d05b776a0
1678,ceaaf19c-479b-43d7-b643-5038677bc9d0
1679,da647d68-2c0c-45c7-a516-7c014a6f8798
1680,5e0af90a-1c63-46b5-b68d-b8afc674e1d8
1681,2e284b46-cbef-4ebb-865d-f85ff82c64d4
1682,1e7e065c-ec9f-40e5-84a4-c58b11a02f21
1683,c2a8e868-15bc-495f-a9bf-6cd58304e3e0
1684,e42e7424-ddf5-4f58-89a3-1fd100befeef
1685,fa58597b-a811-4496-bf8f-6856bbfff339
1686,35847e11-7bbc-473f-9a1a-80d528b0f564
1687,482e8aa0-30f3-4ad1-8399-f32220c5fca0
1691,350cd965-b0e8-4799-8990-2c971fa455aa
1692,2b1d4a67-deee-4f09-99b0-0770257a4aad
1694,6d8e33cb-dfd1-4ad0-a6a0-e656409daf52
1695,a16abfc7-b181-4dc9-b92e-3444e4713db6
1696,445e648f-7d41-4753-85e9-c54e85d99210
1697,04afee2f-8e1a-491c-9682-9de93a21bff5
1698,2932ec16-3bf2-4e4b-8b72-2e7714305ed6
1699,898f92dd-0682-41bc-9206-d2c5ab20ed97
1700,95d62a6d-f6ea-401c-b4bb-2a464cff6778
1701,ca284a08-1d18-4f4d-8519-1943d8f2f442
1702,853bd4da-b811-4eb8-abe9-776f5129409d
1703,830f0262-abd1-4633-8d7a-00a53adb586e
1704,b546d0ad-3c96-4e01-8b47-ad2ae987db5c
1707,ece8cf33-9c72-4d42-bc97-c584ec58960a
1708,ddcbb980-2d56-4a19-816a-f91011c62f21
1709,395c2870-7518-46f3-baff-29cbb221a96a
1710,cc83d914-15df-4a4a-b1b8-f3e4df786c32
1712,e3880c4c-ef0e-4d27-8217-b79ad265a450
1713,22a1b494-f320-4fe9-af1c-0f36f0352bbd
1714,e924d2db-12a8-4e21-9608-ac0783e42e74
1715,0915d911-e24c-483e-82ce-0463ed8e4c1b
1716,e25af63c-75ce-4076-84f0-73e6573416d2
1717,0a61b467-1ab8-41d3-bcc4-5a9d2bd059bc
1718,33c58b30-8afa-41c8-bdbf-6a4d117f9e7c
1719,f7752577-1aab-4d8b-bd23-5aa11164ec37
1720,98bb80cb-3610-4f1d-98e3-82486836ca95
1721,9c6a367c-fce3-4460-b256-d03491c4bf11
1722,b505d371-031a-49f4-b4f9-6e26aaf2ff0c
1723,f3806a09-c650-40e9-9560-76a8586f8bdf
1724,c3a8baee-ef8d-46fc-9036-d1128c442223
1725,e9b6c4d8-0d80-4fa8-8471-e2f227bb6f8b
1726,eb9cf41a-1ae2-43be-887a-7cf335937673
1727,340d3a0f-6594-41a4-9db8-44e58f7fb03e
1729,2acf73c5-0413-4c9d-8479-c381bd660525
1730,046513c2-5214-401a-8e51-98e0206f4b2b
1732,f5642396-c7ea-4d9a-af8c-ce401da17387
1733,a2a70af9-7fff-42f3-83e6-f7142636fb59
1734,86ea256b-db90-40aa-ad5c-c0341904cd02
1735,f772f694-9f21-490d-808b-d08c164f7456
1736,a68076d8-b355-424b-9ba6-ce44b31e3d40
1737,5d5fcc80-1e8f-43c7-83fe-69b2ed7f3270
1738,11f78861-c418-486c-bbc6-df8cf89096d1
1739,6223f3e4-bb86-4868-949b-6d5445c88b8b
1740,783cffc0-bdf4-4f1a-a9fc-e36d472f98f2
1741,761dbe4d-4fe1-4263-b3ef-79a714bb4221
1742,68c96972-5a15-4f8d-9d94-62c8d4fc5bc8
2237,bc66cc98-9212-4582-97d6-2b58776721d2
1744,42aea46c-1cfd-4eb9-a468-5155e764800d
1745,b63d22b8-b91e-45b0-b4c1-4ec1a9f42dfa
1746,5811ad8a-0e28-4c68-a42d-9d6574092f99
1747,00b28cc3-f9d4-4d22-aa5f-77c49edaec26
1748,ec7dbc30-4c3f-4a90-aea4-6dd9921cdd2d
1749,ec89b705-e58b-425a-8fcc-0b09675a0727
1750,9652bb15-a1e7-4d35-a0df-59e122f623a0
1751,97b8c208-0735-4425-a781-a741d471b4b7
1752,ad5c9f68-b80b-4a4d-be04-f10856b989af
1753,df9908f6-b0df-49d1-8f54-9092afcd13ce
2301,c8a735c2-7309-49f3-95ec-5085fa5d06be
1755,2aeb2023-7c63-45b4-9858-bd6f392a6e31
1756,804afeb4-3e5d-42cb-a0d4-de560682b81a
1757,e23c1e1a-4c00-431e-b28c-779a177010ea
1758,59988bb2-d8d8-4dc6-9e80-700c98230620
1759,169e02bd-0521-4ce3-a416-e21f9fc4a40e
1760,0260f1b1-9c4e-4594-9b68-050d898ec38f
1761,3e0b7f6d-9ecb-48c1-b8b2-0f374ce79a7c
1762,06fb0f58-de8f-4c7c-ae3e-142154169c31
1763,63c55195-7653-426e-aee7-cc9b4ccbe173
1764,ee770b1f-d8f3-4d61-bd95-f3c7258392b4
1765,158e255b-bfad-4ae8-931a-441238d85b3d
1766,41190290-e3cb-492a-9613-edd43569ce90
1767,15d17808-452e-4cc4-8165-edacdb945c18
1768,888eac78-5e4d-4235-a89a-bbf15671fa9d
1769,8ec2bc2c-d42b-4716-825d-584ae80f1f51
1770,2088dd95-cc24-4100-afcc-1d52590e1220
1772,6e5d914c-2931-4ed4-997e-5f72df6f4734
1773,d4e7f566-549c-4b1a-94e4-3b50493e5753
1774,545acf8b-de85-456e-b648-b6cafa8f7e29
1776,db0e2fdc-fba2-430d-802b-f74f314f1658
1778,bcc44c88-2a9c-485f-86c6-3f59cda02b06
1846,c5536786-af9c-401b-ac7b-7dea016b1e70
2290,44716c10-631d-4e78-a46b-e3ad46752358
2289,f4ba89df-2c4a-4f41-b8c2-f52b4fbc9ae6
2288,c0368b80-64fa-43fd-bf5a-1d759fe8c25a
2287,07c868aa-3336-4b81-94cc-66bb68cf0852
2286,1f2f07b1-6068-4c8a-bd47-133b8007470c
2285,8e353e82-de89-427c-a753-6f8ee5619fca
2284,c7a03c7e-0d47-4a92-925d-6d1faae40d7b
2283,95adb96a-8365-46f1-9ab5-eff56442be69
2282,89a99990-afd0-4021-865e-66a485450eca
2281,7bdb15dc-d7c0-4728-a177-c42243909bf2
2280,5d87cdf0-0447-4493-a4b6-a08eeb36c786
2279,79c1c9da-de30-4310-809c-87e20cc11809
2278,42e1369c-ee5f-4f9b-bc17-60a48e0c8f7b
2277,d8dafa7e-321d-4bf3-959d-d79f7046c36f
2276,204ae2d5-9d05-4258-8fbe-916f3121d228
2275,cd05241e-43d7-4dbd-8f23-3ff9ae013489
2274,c3692bc6-1546-4eb6-9ff9-1f4f1c4c6411
2273,9591055d-e6e5-48b2-afb9-aa89194248cc
2271,ebbe3a4d-8bce-42a2-8608-9b410e34b240
2270,9d087def-9acb-455c-a423-91e301d8e0dc
2238,79222266-a8b9-491d-b04a-bdab501897a8
2239,5d85e049-efa5-4182-9675-3cf2dac0734c
2240,939bcd5f-51e6-4b20-a6df-38acdab1b641
2241,cd72cb7a-6e5e-4b0c-8132-6b07a391fb1f
2242,a37f5fe5-d965-4429-abfd-25a738559ae2
2243,7226ac75-32cc-47ae-bd26-ab98b89a415a
2244,c5c1d8a1-024c-4978-b7dc-a43ed300f339
2245,27d78276-b266-4e26-adfa-94ce864ff9d7
2246,b9d351bb-321c-4f04-9fe9-ad8255b448c4
2248,9b84a15e-8b8c-45b4-80de-eaa289629d41
2249,5739fdd3-91c2-491a-8cc8-cd17ea2e5ba4
2250,3a4c38f0-4b48-442b-93a9-81dd845a0941
2251,6fc189a4-0fa7-4b0a-81b1-738d56d2fb6b
2252,b2451b41-95e3-40c4-9a4c-59244d16b0df
2253,20a9925c-8809-4fa4-ab65-d0143b400fd9
2254,273d3b9c-e81d-4070-85a9-8514b28e32b6
2255,a588225a-0296-44fb-82f3-71c8c311142f
2256,15626a08-8100-47f3-8f40-6f47f22817fc
2257,6e9b2910-78b9-4f8b-91bc-3e600a2227ff
2258,6195ad01-df93-4fbb-a4ad-c2b62ca37e63
2259,425b6598-c9fa-4807-a156-0d4c766448f1
2260,55595f3f-bdfb-4159-8ac4-24ebb0b79044
2261,b4c3a53b-b07b-4e6b-b7ae-a2fcf3e00b0e
2262,bea28858-562b-476e-b523-18de02613789
2264,e5d42abd-1271-44f9-b1d1-3d65129e093f
2265,375032e7-c61f-4e90-a03a-6a4d319350fc
2266,fcb216c7-a7de-45db-952f-592cd7ba2aa7
2267,05df9387-48c5-4dcd-b03f-cb207347fc9e
2268,7ac059ad-4369-4cf0-ab55-b5ace50c723a
2269,dc05cf80-f78b-431c-ac2a-9fb019bb10fa
2235,3ee57b3f-399c-4028-b948-831fb7b45632
2236,cb60cc04-f78e-452d-944d-4984fdca28d8
2292,60fe8f4e-51e9-4185-9d5f-cfcdb6097c0b
2293,c7321ae0-4345-4eb6-a103-2a8fedbbe55a
2294,10d78f5e-1971-456e-8322-098c0607e7ab
2295,4d230071-b7f8-4d23-958e-ae6f3da4c79f
2321,32d9c1c0-8347-444d-ae0d-240d6e8bf035
2297,3f0aadba-19c9-4532-a8ab-2d6888cabad5
2298,15e7d054-6965-4398-b94c-6425bbbe0ca9
2299,389bc5ed-40a8-4792-8bb8-151439b9baf9
2300,647ad02c-58fc-469e-93c7-fd6030305edb
2302,1b1594aa-b96d-41a2-8b98-63ec30ae43f1
2303,448bdf1e-921b-431d-811b-b49b001ff458
2304,5faaee85-90d2-4443-9623-cc10b55c3b6b
2305,1e386681-cc16-4747-9b9a-6dc15565edf4
2306,c96f2622-2950-48fc-9e64-0c385c674e7b
2307,1f56f1d3-717e-4d13-88c2-1fb4ab84de5a
2308,a91fc9d1-3b62-4f2b-a9fd-9475262c85cc
2309,1cfcf8c0-657a-461c-a171-0cb257a8cc38
2310,4d418dbc-de6f-4435-b105-c5c5ca168e48
2311,7a974935-62b3-49df-b8fa-9ec62ad6edd2
2312,7389c59a-9c28-44a4-b824-5ec8efde6a73
2313,9db62f43-b88c-4984-a31b-89055c2e1798
2314,c0599016-d9b1-4358-8668-257421b2a3ff
2315,953c3a9f-e861-4548-a80b-86bffb3589b6
2316,b51ceac1-2708-4b5c-be44-f7486dec6aae
2317,16b0e86b-894e-4701-bc3f-ba241e850cb9
2318,964d837d-5d7e-42d4-86b4-3196b8ed9271
2319,d35c067e-9cd3-40cf-856f-ceeeb7fbd7c4
2320,b87d9174-0c01-4d5f-ad89-1da0ab23a9e7
2322,e2ccec46-0be5-4100-9ba9-875240f540fd
2323,08ff2038-4efe-4ef0-8d0e-1e06a1359e86
2324,34a5d47b-8bc4-45f9-ae08-c4e64121aade
2325,4cc25fc2-411c-49ee-8d40-570ebb7f4c8c
2326,ead279a6-4186-48a9-aac7-2afaec3a902e
2327,252a0834-3d8b-4099-a46c-8a9571764220
2328,6365477f-25e1-4a86-8c2e-62dc850ea1e5
2329,c5c7a751-0389-4405-904e-9056c2fdc8fe
2330,987cbc61-e7e3-422b-ad7a-abbf6fa3a72e
2332,8bf462d7-2b29-4aec-bbd3-e7853ad22a8b
2333,acfa9632-429f-4be4-98e9-c7a6d695929f
2334,eef336bf-3357-40a7-9fb3-9ed5b70f4346
2335,98eb2af0-ce73-4ce2-a531-31eec9253de9
2336,87a02af8-7b6d-4d3e-b9a9-24725ae96936
2337,2caa0ae3-9742-440c-9e7e-ed71f7caad4b
2338,b893f184-c9f5-485a-81bc-141be741e4aa
2339,629dabf3-92c1-404d-9263-23693aedbdee
2340,5b701cde-69ca-4e0e-bf25-bfeb24148449
2341,204bb27a-f0dc-41eb-ba1b-2a5e8ff2b3f7
2342,42a8f719-3d08-4e5d-aed2-14092cadf1e0
2343,9798bf45-d103-4341-8a67-b4e25bd311ff
2344,4cc75384-82a1-44d1-ab39-f601ef48ab23
2345,2c645887-b2a5-4d9b-b06d-cb85b5493ce3
2346,8326e8c1-8c02-44e7-9537-19075a603e5e
2347,a349b3ad-0e22-4020-8cad-5db934104b74
2348,038590da-25da-4dd6-bdfe-15c65e72d4a2
2349,a1acc33f-c579-4155-bd9d-0d3a75833e3f
2350,14b063b1-4f11-431b-9fd0-faa879ede650
2351,1d57aa56-dd3f-40a3-b4aa-52d86b777ef8
2352,99549774-9b90-4dd6-b1ea-9f0ee31cfa20
2353,72b0b232-84b5-4545-bda8-3a6156b073ab
2354,b4c3f74d-d2bb-4557-95a4-8d24ad1707b3
2355,f56edd25-e27f-457f-8938-578eeff15519
2356,2b6cd1d6-e78e-4a82-8b62-1170cbf1e75b
2357,a7002d21-2556-4ef5-90f5-e1c064aeb3fe
2358,d9a23739-9e7f-4ee7-9e74-1ad794a38f0a
2359,c5dad85a-b2b6-4654-910a-db2513cf001d
2360,cde6c504-d45a-4696-a46e-17a9b7ccd9ea
2361,8a709120-0351-43af-9bbd-4745d2556bc3
2362,2b3a4f20-3185-4862-95bc-bd7a2c8bb30f
2363,80633a92-68c9-413b-98c2-a2db75e322a4
2364,f8ec1c43-674a-4cf2-903f-4a4904e3ac70
2365,ea763978-48ae-4fe1-9ae7-96b538a9bb70
2366,5a0daf96-c0d7-4b2c-96bf-8a2798b55577
2367,b232cc71-af06-4288-95f9-a20521604a79
2368,b471b009-b5b9-4c15-9cae-7aaa37fbc385
2369,a7b4fd16-b942-41be-800b-6ebf861b945f
2370,3235e95a-b632-4b01-aab0-1fe214983690
2371,6d8636ac-42f9-4455-a1dc-94c239bb7921
2373,720b95ba-24dc-48bc-98c0-8c903bdb049f
2374,742d2bb3-a7dd-432d-b564-75a72dd1b42d
2375,a0e4c85c-84e9-44a1-bc77-67be835f2a01
2376,d1c0897c-5432-428c-9f5e-e9dd1ec10c68
2377,98222fa1-bb14-4719-ab56-1de72e398e3f
2378,4b4d4cd3-3502-4437-8770-c5237f590b57
2379,111a8196-b08b-403d-9405-0d1b60071004
2380,d860c6c7-d849-4b7c-aa33-1d814ed0ef0d
2381,77fe564b-1f0b-4b1d-b6e5-e7f84f798b09
2382,c69f1a46-e274-458c-bbaa-31a41cfe1b07
2383,684a348a-552b-4c5b-9819-213cbc3a0ad6
2384,4ddb2aa8-6839-49ff-9352-7b501261d4ed
2385,fb672642-099a-4f24-886b-b5225fc2c925
2386,a5e31ce5-4985-4eaa-bf1d-ed34fcb42a74
2387,49730b24-72a9-4c2a-bc0b-e5229d32f3f9
2388,bc4499c7-27c5-44c6-91e2-a9735601c0c7
2389,2ab6e2bc-a085-42f7-b7ee-5a69b38d9933
2390,68bf6c20-c3e7-40c8-95b5-b6afbad7eefb
2391,95c956a5-7ffc-4c94-9e06-f57052df201c
2392,592c72aa-852f-49c8-a2e7-91b99c1ce0f4
2393,3262fb30-a8ed-488f-941a-2c6c88816a76
2394,c27b47d2-f9ac-4b07-ba26-2696e7bfd719
2395,96c2e20f-4f95-488a-8b10-f5e76effffc8
2396,16fd77b1-ec45-4883-aa40-e01970263c50
2397,8f7d25f0-8920-41c4-a546-16a6238c1563
2398,a1980613-4f49-41d8-9cc8-48468829c242
2399,570d717f-9b4c-4b63-99f8-fba85c1bd386
2400,e81c4b63-3f1c-457e-934d-50696a8c5d6c
2401,c31e3ebd-8378-49a2-89a4-a7aa10bc8caf
2402,dc58d870-c9e1-4874-987e-80716103be3e
2403,17d27957-2360-46eb-8b7d-4b3fcdaf0f10
2404,8b04ef3e-5bd1-43ed-9fa4-12e249c1944a
2405,3e68f8ab-4397-4d7e-a2d4-dfaed760bfaa
2406,b7ee4e69-6002-44c7-b6dc-0a9eed5c04e5
2407,351a4602-ae75-403a-929e-7b305d93cc1e
2408,da9ce090-43c1-46a9-8973-072f0ca578c5
2410,265ca8f3-ef3d-48be-b8f4-12559bdeff28
2411,9a35510b-5bc2-43c2-93d0-05087b836c5f
2412,2f0f5ec6-a1d8-4a2f-a4ac-e018a08c6716
2413,cca8c7e0-1d8b-4619-bf5d-394bff1cbd97
2414,bcacaf55-9330-4ecb-a7dd-3be753c47e54
2415,e7b736cc-cc41-4ba9-aa1e-1100e148691d
2416,c8fbe577-ea2b-43b5-89a6-a6e9848d092b
2417,3328ea4c-8cce-4b93-baa9-ea8534e0ed48
2418,ef86a14d-0cd3-434a-a19b-7b22d8369ef5
2419,a964b6ac-53a4-42a5-ade6-94bd4129162b
2420,471f19d8-a58a-4f35-8917-b0360af51ca6
2421,32777b1f-52f0-4403-a1e4-035618ea5e76
2422,22a14ecd-9faf-482d-8c73-aec34c4b80ee
2423,9d48ff25-923a-432e-b80b-deb06141c3cb
2424,a6486b93-c6a1-4139-bb44-715ab3815f8f
2425,c1aadd56-d59c-4e9d-bc3c-737e3b0fcad3
2426,858a0bdd-a813-4e76-9944-8d40c558ba66
2427,f5e5a68e-ab62-4b48-95e0-15dd8c9ff53c
2428,ead929c9-1ecb-40a3-a2b4-5f5524dc9c0b
2429,0abdc7a8-0c6e-474c-a386-61dec738f175
2430,6c1412ca-6587-437a-8af5-ca5719ac900b
2431,67ad2ae6-d115-47d5-b912-6f989ff8c0d8
2433,e586b341-ec2f-4337-bdb7-d75612488080
2434,f2ca1bb8-d107-4a46-aa7d-e5494518d9dc
2435,f3cb96ca-8b67-4288-9aa4-ba1f6e11a1c8
2436,fbf9401b-08b2-425d-9201-240038699893
2437,067221ac-6bf0-4c2d-89a2-c2bd9e1d0c68
2438,1a61eb50-271c-4e0d-a1e3-ea143a415dca
2439,a37a8cc9-1b08-4e16-835e-f83975025a96
2440,f2cbb2e6-88c0-437c-a22c-62385546f191
2442,f47040ce-81a5-40a3-8b48-7ca696402825
2443,6b78ec7b-26f5-404e-bc14-2a8c20ab562b
2444,f67ccb38-a89b-4433-9f1d-e12171069699
2445,947d0ed1-8480-4ad5-ad96-805aaf839c34
2446,87006b1e-7320-4010-b60b-7ff68220af61
2448,7985ebc7-923b-41db-86fe-0a5963036003
2449,d6574f86-f2fc-40a7-a12f-9965de330b0e
2450,3d30783a-79b3-4672-910b-6aeff16cc104
2451,a744994e-efd6-418f-831a-85e45f9021a8
2461,20e1217c-66a9-4387-806a-6f882f57759c
2462,69c95b7a-47a8-4fbe-a5ad-59f249c226a0
2465,1c4874a0-6f7a-4232-9688-1f6e22b5f0bb
2466,5251687a-b107-4996-ac10-3f5354465724
2468,f8956322-ba44-42cd-81f0-33a62ec50c38
2470,9a1e5f91-9aa4-4a56-a7d8-bd5082e242dd
2471,4c68759c-d5ff-4f7b-bca3-e254fdd0dded
2472,9bcc365e-b33d-4d10-a9d0-6f31280468e6
2479,bfc933f2-bccb-48dc-a853-cd018658b0b5
2480,dddd3fe0-ce0f-4569-bb98-91416105e4c1
2481,9a4d6de2-f048-4f98-88db-1dc3475cc781
2483,29fc72db-e5ae-4846-b394-0fbef2b08f71
2484,2b8a867b-d467-4e5a-8517-eb645e06634f
2486,1f7e91ec-4156-4a8e-a148-0209e6acf00f
2488,050f02df-4d24-4454-926c-7ec6e8ae9f9c
2489,6051f4ff-00af-437f-b5e0-7db191fdb8e8
2490,0e5ddfe8-af2d-454d-abd4-d0582318707a
2491,6e9d225a-c40b-40a9-aaad-edcd31e555dd
2492,3d894ffa-0e90-4019-8bc0-457820805053
2493,a1053d8e-6a0f-4e53-a074-84a54036e539
2494,4cfae48b-3b85-4253-8ffd-a2e7899b574d
2496,b6070b38-f926-4478-9de2-b5aba7b1207a
2497,0c903bfb-1f6c-4ae5-b839-8d96a47f5301
2501,186909d8-7272-48c9-9bb3-87efaefddda1
2502,7134f113-6351-4052-8e12-0aa25334b2c6
2503,797d7f73-91fd-4715-8868-80cb1b8078f8
2504,7680e9e2-a4b8-4624-b8c9-7587e771a158
2505,b6ce11db-98e4-4964-8a9f-7d0bac951213
2506,ac68baab-dcc6-4dc9-bda3-af46ed3c00d6
2507,44616de5-4d7a-432b-bc64-1c9302c1ec87
2509,0a56e25f-621a-40fc-994a-82a7d1c4837f
2510,98dcfb60-0b4b-48ce-95a0-b7d46d37c8ea
2511,7af0ff98-cd36-4062-97a1-354a9e40b4f2
2513,c4871421-9ca5-4ae2-aca4-33835968e13f
2514,92866d92-605d-498d-ab11-ca40e638a6a4
2515,46f92f8e-0f6b-4fde-9e12-7dd9a2ac3e05
2516,c5091aa8-f733-4f1d-9f0f-37f26f2baa1b
2518,0b55b413-a299-4f70-bc87-1775839c6ad1
2519,0864eea8-7222-4342-ac41-aca0ae5d7938
2520,562d8305-000c-4045-a262-ef35c7bd7200
2521,361102f3-637e-4734-befc-54dc65378f23
2522,47770f0c-fc5a-4158-9be7-30cd6306f48f
2523,5c4dcf83-3ab2-48f5-bac1-21ad991eb4c7
2524,f2f5e87d-1531-4260-a2f0-8b4ef6f39d20
2525,4b0cd653-6569-4b74-8d92-491022cc4564
2526,8a893c08-49c5-4132-9609-17c909834372
2528,b002b210-ed07-4cab-8b47-c198a9460fba
2529,17f323a4-f479-4080-b02c-fc97f9c867c8
2530,28a17844-bf6f-49ef-ac04-0d8ef09b598e
2531,fac64829-f1dd-412c-adb9-67f5362a9e65
2532,46a7563f-16ad-481f-9968-56c4220e57ae
2533,ff38b0ca-7812-4b58-a225-113e7617ba3b
2534,2ce7f6da-286f-497b-8723-51152d0bb7fb
2535,ff837039-46a9-40e8-9665-766b2f2fc7d2
2536,56b7b68c-25e8-4207-80b3-e9c5b963a8d5
2537,f5e7238a-7913-443f-b937-60b8c025d8fe
2538,34e8681f-d85b-42eb-9514-0ea144e8698a
2540,552d9993-948f-4c0b-80a4-53a2cea0bd20
2542,38a9fe3d-e21c-4b8b-b58e-adf764766ab0
2545,3d92708e-51eb-4a74-8041-70c0f35f3f79
2546,b9f570ce-ddcb-4bc0-921f-65e506952599
2547,ed90a14b-72a7-4096-a42c-59924d2c5821
2548,04affd6f-4738-4530-8274-445af5a8ba8d
2549,c8b2ee82-e9e1-460f-9de0-b50687c83d16
2550,37f0225d-b74d-4191-963a-d8cffdf1d666
2551,21e0bc8b-2bb0-417d-bec9-b602708efaa3
2553,073fc850-2f5f-4351-8295-6796b0ea001a
2554,43055abf-c39a-4962-a266-2c52fffbf811
2555,773744ff-0fe0-4cd2-a856-d926c8916762
2556,c75410c9-2550-4bd2-8681-7d1385689c2f
2557,ca3098a0-6d00-40b0-bd2e-f262d67fc8d7
2558,db8ec8d4-855d-456f-81ce-4b72e6f24ab8
2559,02729afb-7c7f-4753-b9c6-440c5d0d7f64
2560,65052295-d36a-4e4b-a95e-0b77e914bfa3
2561,c3fa232a-279d-48d4-9c77-acde37037760
2562,56a870b8-8af6-4b7a-aa5e-b53747c85f53
2563,2bdfdb40-23fc-4455-a35d-18083e0ff670
2564,120c64b0-8a47-4cf0-8151-8bac772374fa
2565,80ffbe00-6ed5-401f-9c35-ba7507189487
2566,77df1c9a-ebd5-4902-a836-caad7479f1cd
2567,f74ce462-98a1-4ab1-98b1-caf4267618fc
482,24bd10a5-a6cf-47f2-ad7b-3163398e63a4
1,e15e9bb1-67ca-4cad-8643-ccbece212635
145,37bc5dea-af4a-456b-b87c-49f6c1b3b4b9
712,8456601b-afee-4d7d-99ad-03fd4d05dc37
834,acc96d87-6252-40dc-9358-e6329616b60e
212,bc7b3ad0-64ba-43e8-8755-190cdd45c1ea
196,9bfad1b7-3996-4fe6-9a4d-50e015cc9edd
407,914a320c-8d3e-447e-a8d6-c3266716c3a6
15,5f7c8c4b-3826-462f-baef-bc47239a5fa9
172,9a8e6e63-1c61-484d-a2f3-a59424e45bfe
354,766a4b87-4355-499d-a2e4-0ac91f682a7a
441,2c1856c7-fd2d-4c1a-932c-3560db98c5cc
569,6929380c-4ba5-492d-b648-21ad830a49ed
58,7833d204-6e86-438c-8f4f-5cfa57be9375
995,ea629874-a46e-4a66-b06d-15d9e5095490
339,362639f6-e551-4813-9310-7169437f00fb
327,e6cd7041-b6cd-48f0-9bce-240f35910869
907,60ef7803-c3f4-432e-b011-1a750a1221df
97,76b55815-c0dc-4287-9755-7ba826e226f2
595,b5bb41b0-bb43-4ce0-a863-e8f317c66ece
53,dafa3f95-425a-4611-93ce-5f179af90fd8
773,e49b9032-9249-457b-9762-60c9958fe0fa
860,568fee0d-139d-4ac9-96c4-5543fd33ff4f
440,d54be4bb-4d41-4048-be9c-3bc0658c916f
982,f05197f9-f307-408a-8175-cb8cda2945f3
280,4fe4aae3-3404-448c-8766-80a716bc58cb
138,a8490b37-da48-47c1-a3b7-600e2bee9524
1440,20a3e1af-0fd9-4f03-91bd-5d669910e54f
1045,d5fd65ae-96e2-4134-a351-11eb7b50a50f
1446,11f78861-c418-486c-bbc6-df8cf89096d1
2285,0239b3f9-3fac-4a43-9308-51a11f171b16
2287,7df22572-8023-46c7-b538-30b24795dcb2
2240,fe00cf18-2928-4784-a241-17597367548b
1760,a0a5e0a3-02ca-4e0e-ada5-de50c5886f24
2246,cf1f526f-59c4-4364-94e6-0c37de7c740d
2514,a11e8c37-82ac-4817-a6f6-890874a9bf13
1755,4befea05-be0e-4374-8baa-d444d6843048
2236,ffd9ba61-e2e7-4e2e-8e9a-7df9f5a88b40
2534,2d9875ac-71a7-484a-bc24-d3b32527409f
2282,183cb9a9-1e8f-40b9-a9dc-98c26c61ddd1
2493,051cec9d-28dc-4a00-8ce0-f96ff895641d
1719,1854e5fd-0871-4172-a5c7-f94cc8617b99
1289,46cc62a3-4aa2-4fa9-9d5d-674acf32224d
2428,35a14ded-f854-4880-a6b1-0f19a34d89e5
2422,4eebb67b-868f-4fd9-871f-5f76587248a2
1697,68039a43-c405-477a-8a83-178ab051bf61
2556,6d4648cc-4bc4-4518-b7e6-3b66e18f3223
1123,52fe4e5d-c0ca-44c2-8be8-d810f0de6b77
2566,5c8741b1-edaf-40eb-b5d9-c2aad2770711
2488,1a5123fc-3e3d-4d81-9228-94008125702b
1313,d97402fc-6c35-4c9e-81ee-0555a40f12f0
2419,0e5681e8-fb98-4869-b504-30bfd37c9227
1457,610b1b08-9908-4cf8-801a-8a226cb2dfab
2485,ad1a3ff9-4ad5-4c6b-9351-e8967edfb34e
2404,105a34da-362f-4d25-98c9-52019fed0cd2
1323,c2761f79-9ade-4aa0-af5d-21ee32b34075
1667,3c9c89ce-286d-4e09-a792-9911b702d270
1194,89f94968-f1cd-4fbd-b8d6-a5328f01e2cb
1603,8c2fc7a0-010f-4f67-af38-60e11e01bce5
1458,931b4b05-d71c-46c5-95e4-439881f42ff7
1737,759d8e77-5925-4aea-92af-a7c56f237ac8
1749,7de97cab-f77b-4cd7-9291-054b902c12ae
1017,71563506-6c67-4b10-bec4-9ad90ec0a6b9
1771,2fb0a657-3409-4308-bb5d-4e9e7d1644b7
2288,a3215ec3-3fc0-4d2f-9a65-64032b7b5e82
2301,610b1b08-9908-4cf8-801a-8a226cb2dfab
1614,24a4046d-836c-4f9f-b264-388a70a48075
1557,6ed9260b-43f3-439f-8144-266f36a628f0
1613,4befea05-be0e-4374-8baa-d444d6843048
2571,ea629874-a46e-4a66-b06d-15d9e5095490
2499,bc66cc98-9212-4582-97d6-2b58776721d2
1201,b9b52351-9e4f-4552-a9a8-f3f2a1314035
1067,43c59d40-0ee9-4e0f-9fd1-d43dc98f1d23
1081,dac25563-be68-4267-a7e3-89e52fc16c2c
2512,342cfb78-a9f0-4daa-8f5a-25c2dc8efccd
1118,af1acbf6-1d16-4bb9-b6b8-09be0a659dd9
2544,5d62a22c-fa46-41ba-b8d5-a2cf8e198165
2517,efdaaa1f-0f3d-4f42-8ede-c3330a5f9255
1711,e1b78cac-3fce-4fbb-97df-31efff7103cf
2569,cf903763-b1b3-434a-b125-49e0256ca40b
1514,342cfb78-a9f0-4daa-8f5a-25c2dc8efccd
1694,5482bc50-6c03-4906-a3da-1478f56f44bc
1550,e655db0c-5aca-404d-9a64-cb82d97c95f5
2411,0a9ac9c1-ad92-49be-b533-b3a8e2246731
2339,6929380c-4ba5-492d-b648-21ad830a49ed
1721,3ef2abe3-22ef-4a9f-b89d-44879a8b4e75
2527,f4e10b4d-5daf-4482-ab8c-0661b779234a
2387,8dd80e33-1452-42de-ab92-a1b73816a5d2
2303,3aa85408-a22c-422c-b25d-5e37d82fe10d
2242,3aa85408-a22c-422c-b25d-5e37d82fe10d
2374,07f4e430-ec7d-4df3-919f-9c0316e18fe1
1431,0224fcb6-c7f4-4e2a-b74a-efc09ccd52e1
1549,e2f64f2d-3e99-40b8-aaad-eb2903ea58fb
2495,94746422-8d70-4628-857a-814f50ffd04b
1007,718f1b09-fe1c-4cd6-a899-6de1143d1e4f
1300,b5de05c8-5eb4-43ec-80a7-feeb927fbc12
2354,2b1d4a67-deee-4f09-99b0-0770257a4aad
2441,35f9e8f1-2d91-4ac6-9141-ad4a08521f61
124,fb4005a0-24a9-417f-b82a-75ded53f2b9f
938,5811ad8a-0e28-4c68-a42d-9d6574092f99
956,32552a6c-db48-468e-aefa-9ec94791cf61
48,8726dae9-6129-44f2-908c-4eb736d278f5
915,efe121fb-7c7b-4947-bb65-a29d3e783aa6
986,a8262640-a1ed-4722-9dc4-5bdd28c896d3
837,b0448615-d959-4627-84b9-c5dcf50ea936
1102,1da6e1c4-deb7-438b-ad4e-1e095ff59c6e
821,ea22c39f-3251-4e9d-81f0-2971b8de34ea
1111,4db63767-81b2-4626-8383-9dc0b33d058c
1189,badc3a08-ebcb-4465-b60e-934db43dce22
108,1db08502-6e3d-49e6-9729-d65fbc4325de
1267,
689,
1293,
3643,
3644,
3645,
3646,
3647,
3648,
3649,
3650,
347,
1417,
1427,
993,
1486,
685,
437,
245,
99,
400,
156,
795,
1576,
1580,
1581,
1592,
1655,
1672,
1688,
1689,
1706,
1705,
1728,
2247,
2291,
2296,
2331,
2372,
2409,
2432,
1272,
2498,
2500,
579,