93f143e1-0acb-4fcb-8b3b-20cf03c0c77b,2024-04-09,2024-04-09,Ranking Test 2024
16a013ad-c651-4695-9e5b-f9a4636e34bc,2015-5-2,2015-5-2,123 Four Seasons Hat - Edition Spring 2015
b6faf7e6-775e-4d0a-9263-e5656b1e6a79,2017-10-21,2017-10-21,Beachstylers 2017
1d1eb165-14e2-4e80-a231-2219b0cb0c6b,2017-8-6,2017-8-6,All Japan Flying Disc Championships
b1d45b5d-60f6-42d0-8942-1b2c8fbced00,2022-07-01,2022-07-01,JFDA
65ec5f86-0657-4765-abe4-e437a8744030,2019-5-31,2019-5-31,2019 German Freestyledisc Championships
2aa30c94-e3f9-45e4-b191-23519c274eb8,2015-8-22,2015-8-22,2015 Sandslash
88ae8c55-d2a3-4c04-b126-6b8a2693268b,2018-8-12,2018-8-12,JFDA All Japan
418dd81d-f15a-4bbf-8ae6-7759a30b4a4a,2017-10-8,2017-10-8,2017 Laguna Beach Disc Festival
5cfe652e-1905-4d09-ae7e-30e941deef12,2018-3-9,2011-3-18,2018 Frisbeer
f3736a97-802d-4842-abc8-462fe5aad0f4,2017-7-24,2017-7-24,2017 WFDF World Overall Flying Disc Championships
75cc5a34-d3ea-4517-924c-a95054b503a3,2022-10-01,2022-10-01,AIFDA Japan Beach Disc Fiesta (October 2022)
25bbfe87-8542-4f32-b184-cfdbd88c116b,2024-10-01,2024-10-01,Aichi Flying Disc Tournament 2024
c15f48ec-6319-44ce-8aaf-3e2d38c12aec,2015-12-12,2013-12-15,2015 Lazzaroni
3ee0b997-3cc7-4ce6-9e7c-3a26a2085369,2014-4-26,2014-4-26,2014 Jampionsleague 4.0
544a74ee-2087-470e-aec5-a06f73cc68c0,2018-11-10,2018-11-10,2018 Jam Britannia
a802fcab-3084-4ea9-ab0a-76bf2f3b9686,2022-07-01,2022-07-01,Amsterjam July 2022
f10cc56b-b61a-496d-9846-524178cf0f3c,2018-9-29,2018-9-29,Is the UK open?
572d440b-2d59-4f36-aef0-2ee427224b26,2015-7-18,2015-7-18,2015 WFDF World Overall Flying Disc Championships
a64b1221-73f0-4709-85c1-38fbfa99ddef,2025-08-09,2025-08-09,Homegrown Hat 2025
6903529f-a83b-49ed-9b50-b1e6f829aa2f,2013-4-12,2013-4-14,2013 - VA States
a5800a10-980c-4e21-bf83-39d7f5876688,2017-9-17,2017-9-17,Capocotta Hat Tournament 2017
591a2bd1-3c90-4656-9a0e-b958a2cbc3b7,2018-12-22,2018-12-22,2018 Capocotta
0f667f05-ef0e-4a74-aafa-f8b184fc7851,2017-6-2,2004-6-17,2017 Disc Days Cologne
8c48a144-c157-4ebe-b03d-c13c290a1ac3,2022-02-01,2022-02-01,Frisbeer22
77427e49-792c-4a8e-b0e1-7577a47dd36e,2024-02-23,2024-02-25,Frisbeer 2024
c23e7248-4df2-4952-8dc2-b170e9588feb,2016-3-4,2016-3-6,2016 Frisbeer Cup - Women Pairs
cbe00845-b846-42bb-ae75-d43ae5b8cabd,2013-3-29,2013-3-31,2013 - Paganello
53f3ddc9-6052-4f54-92b9-1482f657ad51,2019-6-29,2019-6-29,2019 Kova #8 Tournament 2019 (Spring Edition)
909cbba8-4f4f-4a02-a87a-51326baf891e,2022-05-01,2022-05-01,Anzio Spring May 2022
6e6fe41f-1ed1-4925-aad9-2f9a93a0dc29,2025-08-16,2025-08-17,La Fiesta del Disco Volador - Freestyle Frisbee
29e4d7cc-3809-4149-9254-15f63ffdb5a1,2025-04-25,2025-04-26,TestRanking2025
2a065d16-825e-423e-b993-c81e52013e22,2015-4-3,2015-4-5,2015 Paganello
62967edd-aed6-4c44-a222-ed4c1cc56673,2023-08-26,2023-08-27,Sandslash2023
72c89f6f-bcef-4e00-9f8b-a1601401fe55,2025-09-20,2025-09-21,2025 Berlin Autumn Hat 
b2dfd058-45dd-406b-94be-18d33e4ce680,2017-10-14,2017-10-14,2017 Ilka's Hat Tournament
879e441c-7b4f-4c80-8aae-a7b40cad721d,2014-10-18,2014-10-18,Ilkas Birthday Hat
93b3a007-2d6f-461b-80f5-c507dfd38ff1,2013-1-5,2013-1-6,2013 In den Hallen
0ec3205c-ec0c-4312-9dcb-fa3ed283661d,2015-1-24,2015-1-24,Berlin Jammers Hat - Winter 2015 Edition
434ac614-ee70-441c-a0f4-efccc88b0a5f,2015-10-10,2015-10-10,1234 Seasons Hat - Fall 2015
78240915-abf7-4d8e-86aa-8a7454e879b0,2018-11-11,2018-11-11,2018 Aichi Flying Disc Competition
ea6362de-7097-4bfc-96a8-7c65fa87fc14,2025-04-19,2025-04-20,Paganello 2025
b40882fb-ecf0-4c75-91c4-69196d4d5117,2016-7-6,2016-7-6,2016 Swedish Freestyle Championships
0eeb2c9c-7638-4a4a-8681-294dc7591bff,2015-5-14,2015-5-17,2015 German Open
3d3a754c-4441-4fe5-9d7c-adb6e5e6e4e4,2024-08-11,2024-08-11,2024 All Around Swedish Championship
3a5b87bf-75ef-4691-9d1d-77984a7fa84f,2016-7-4,2016-7-4,2016 US Open
d947332c-7186-4f2b-a7ca-eee366d47f30,2020-07-01,2020-07-01,Amsterdam July 2020
579b9d62-fb5a-45bc-9330-0b8dc3fcdb8c,2017-8-12,2013-8-17,123 Four Season Hat Tournament - Edition Summer 2017
289f4452-7d46-491c-b86e-18123d65a06c,2016-3-4,2016-3-6,2016 Frisbeer Cup - Open Pairs
44562858-9c09-4eec-9622-f9d7be292d64,2019-9-21,2019-9-21,26 Coppa Citta di Milano
57ac1fcb-aeec-4f6e-8f70-b5797299fcde,2019-3-2,2019-3-2,Santa Barbara Hat Tournament
97adebff-54d7-4893-a9fc-28d9ac515291,2022-10-15,2022-10-15,2022 Berlin Fall Hat
488fbc68-6e8c-4ab8-9377-3abd37f1e864,2013-9-27,2013-9-29,2013 Alpenbrise - Munich Wies'n Jam
efee25f0-79d0-4615-9ff8-47a56be389b9,2019-9-13,2019-9-13,2019 World Urban Games
b85b0dfa-6273-4bd1-b564-3f60d7adbb62,2013-7-6,2013-7-6,Swedish Freestyle Championships
6bda8312-586c-444e-a927-65fed3da0be1,2015-8-29,2015-8-29,2015 Butch Cassidy Cup
7d4c2c13-e8d4-4dbf-ba63-670b804bbec3,2020-1-4,2020-1-4,In den Hallen 2020
d386b9fb-811b-4952-a7f3-e4c855a1e301,2025-05-02,2025-05-03,Berlin Spring Hat 2025
659781b9-586e-4a03-bb26-ce88a812fd5b,2018-9-15,2018-9-15,123 Four Seasons Hat Tournament - Summer 2018 Edition
16f70026-29fc-4497-a333-1d83840e763a,2013-8-16,2013-8-18,2013 Sandslash
3d13522b-ac22-4efa-929a-5227c1f31868,2017-9-29,2017-10-1,2017 24a Coppa Città di Milano
e0a2b127-0b3e-4f6e-a159-a5415f9f0465,2013-7-22,2013-7-27,2013 WFDF
6f3940a9-95ca-461c-84fe-ce0ce4ae7b9f,2025-04-26,2025-04-27,VirginiaStates2025
55d5bf41-b6a2-4e18-8e2d-2909d7827535,2013-10-19,2013-10-20,2013 Beach Stylers
9ab70e85-a152-4b21-9b82-d475e7b8a421,2017-6-9,2011-6-17,American Freestyle Open
42705474-9182-4930-b15d-4c4068f7d6d5,2016-3-4,2016-3-6,2016 Frisbeer Cup - Mixed Pairs
10aa37d5-a606-4765-b6cc-307c4aba85bb,2019-2-23,2019-2-23,123 Four Seasons Hat Tournament - Edition Winter 2019
8674ab2d-bf47-4f5c-931c-24ae11d6115e,2019-8-12,2019-8-12,JFDA - All Japan
2650632b-c89c-4add-a420-cbeff8d90809,2018-7-14,2018-7-14,2018 Amsterjam
c5bb2d67-62d7-4304-9aa9-23f7c044f261,2013-5-11,2013-5-12,1234 Seasons Hat Tournament
07369f2f-157d-4d7e-82e1-d992444cfeb7,2023-04-22,2023-04-22,Ryan Simple
ebd67ff8-e9c1-40a4-9a69-5e040122afca,2018-6-16,2018-6-16,FICO Frisbee Italian Championship
54591893-6634-408c-aeec-f27e0f517980,2016-10-23,2016-10-23,AIFDA Laguna Beach
365ef8f8-9b27-4da3-b8ea-633f10241ad8,2023-01-13,2023-01-15,Juntos es Mejor 2023
5abd4dcc-10bb-4f11-b776-635065224d3c,2019-8-10,2019-8-10,Cranbury Jam 3
115fd5f9-2172-4f6f-9b37-4a63835f27b8,2016-7-2,2016-7-2,2016 Potlatch
b0a1cdd3-4e3f-404a-84b5-4afb0101cf5f,2013-6-20,2013-6-23,2013 - Rock The Sky Overall
5a62ed16-376a-42c3-81d0-c038993b7de8,2019-7-8,2019-7-8,WFDF
c811a964-aea2-4c72-86cc-9a45b211e3cd,2024-07-28,2024-07-28,Amsterjam 2024
ce5b08a6-bc75-4625-bb6a-9ea09bea81fa,2023-10-29,2023-10-29,Aichi Flyng Disc
c9ad30cd-6160-431a-a5b3-47469c1322de,2018-7-26,2018-7-26,2018 European Freestyledisc Championships
04f6eed8-e880-4a13-8a9d-5e9430d0ab40,2016-6-11,2012-6-16,Udine Frisbee Tournament
90c84772-1373-4d18-a3fb-7689477b67ff,2018-4-28,2018-4-28,2018 Virginia States
5979a5a6-691e-492c-ae63-7a8aafb133a0,2013-9-7,2013-9-8,2013 Spiritcamp
9e4141de-717b-41dd-a578-3ff531410564,2015-4-18,2015-4-19,2015 VA States
7f3fc371-4431-4b31-9bef-75bc92a9ecda,2016-10-7,2016-10-7,2016 Anzio Jam
cc76c1de-99c9-4cb7-9422-1066a00d5c14,2017-5-27,2017-5-28,2017 The Jammers
1a17d668-f65d-4f10-9ca8-984e3f734c3e,2015-6-20,2015-6-21,2015 Bollenhut
0cb2b1fc-91cf-4728-906e-e3355caa3221,2013-9-28,2013-9-28,2013 Anzio Hat Tournament
57b21e99-db95-4d0a-a094-1c6f183ea8cd,2024-10-19,2024-10-19,Ilka's Birthday Hat Tournament 2024
648902b0-23e9-4de0-ae78-5bd35a53bc60,2018-10-12,2018-10-12,Ilkas and Grafs Birthday Hat
59ca2275-1caa-452b-99ca-222d65266bfa,2018-5-26,2018-5-26,2018 The Jammers
102097e0-1660-4ac0-a9a6-cdee0b10ac2a,2017-5-27,2017-5-27,123four-Seasons-Hat-Tournament - Edition Spring 2017
4496f938-81e0-4e13-b87c-34ca14e373a5,2014-11-14,2014-11-16,2014 - American Freestyle Open
156aa271-bc71-4496-839e-fd83114e8e7d,2015-5-17,2015-5-17,The Jammers
0318260a-6c0b-462d-8adf-6ec623d1f25b,2016-10-14,2016-10-14,Ilka’s & Dr.NoZ’s Birthday Clash
2f5b958c-c25e-45a7-8938-a56f074ab0be,2013-4-27,2013-4-28,2013 EFC
b7fbe57a-d15f-4a6d-a150-a0fff0f43eee,2025-01-11,2025-01-11,Gran Jam 2025
f1e64b7a-8a88-4d2b-b6e2-922ad07daab9,2016-9-25,2016-9-25,2016 Wies’n Jam (Oktoberfest Jam)
29be8242-4a65-4145-92a1-a7c96c163190,2018-6-29,2018-6-29,2018 Dolomites Disc Tournament
ba551658-7010-4b75-8d14-193d0681c117,2023-10-08,2023-10-08,Gamagori Flying Disc Fest
0f5362b0-39d3-4035-a6f4-170354e1fc8e,2016-1-9,2016-1-10,2016 In den Hallen
11ab58ce-02f4-455f-82d8-7bfe8a14416a,2019-4-27,2019-4-27,123 Four Seasons Hat Tournament - Edition Spring 2019
e9dabbc5-411b-4713-9710-08c7e6845ecc,2019-7-6,2019-7-6,Roseto Tournament
ec71b921-638a-486d-9c58-0697e73f2ae4,2019-11-16,2019-11-16,2019 Jam Brittannia
8af2e388-2df8-48cc-b1d9-f44774f27283,2025-06-14,2025-06-15,Shred and Ride 2025
ce0b9d81-340f-4271-9274-d9ccfd9065f8,2018-5-26,2018-5-26,2018 Kova #4 Tournament 2018 (Spring Edition)
7c511592-d38d-4ccc-b9bf-cda89f4f5fa6,2016-8-3,2006-8-16,2016 FPAW
01b17291-669b-4674-a836-b81c0b1a91e3,2013-8-31,2013-9-1,2013 Butch Cassidy Cup
941e1d18-70e6-406c-b575-24cca085213d,2013-7-13,2013-7-14,2013 - 1234 Seasons Hat Tournament - Summer 2013 edition
7085d28b-0945-439b-9e38-e25be139ec4a,2024-05-05,2024-05-05,2024 Berlin Spring Hat
62273bf9-4fc8-4db0-9421-566712723ff0,2024-10-06,2024-10-06,2024 Anzio Jam 11
04346073-4de7-45b9-b88b-2b6efca2c093,2023-04-15,2023-04-16,German Championship 2023
7a580544-6088-4718-8317-b80bbbd626a9,2023-08-23,2023-08-26,FPAW 2023
8845c139-03a0-4dc6-a869-145ecb7b430a,2019-11-10,2019-11-10,Aichi Flying Disc Competition
358826fa-c248-46ee-a988-5a30409059eb,2018-9-15,2018-9-15,Warsaw Siren Hat
1f354030-d840-404c-9450-e05e969d2aa1,2024-04-21,2024-04-21,Virginia States 2024 Finals
a76cce09-c46c-40e3-b99a-b1990327d87a,2017-7-15,2016-7-17,2017 Amsterjam
fa43bfff-30dd-4490-a973-45b9bf87a670,2016-4-15,2016-4-17,40th Annual Virginia State Overall Frisbee Tournament
3e67dda1-b6b6-4821-9397-3d7b2a2af71c,2017-2-4,2017-2-4,2017 1234 Seasons Hat Winter
d487e85a-0fdd-4639-bf12-45e1e1d7bf0c,2013-2-23,2013-2-23,2013 Wintershred
60c9e387-ccb6-467e-8e6d-3bbd299943ee,2025-04-04,2025-04-06,YJIW 2025
a5d0954d-ce96-4e1d-af33-753509ca88f0,2023-07-01,2023-07-01,AmsterJAM 2023
ae814186-4948-4abf-b78a-25870b21af7c,2019-7-27,2019-7-27,123 Four Seasons Hat Tournament - Edition Summer 2019
526fca33-f880-4f1f-9c65-f6fd19e984d5,2016-7-24,2016-7-24,JFDA All Japan
c317df6d-bd26-4e85-ae41-1f47203d32eb,2024-10-12,2024-10-12,2024 Berlin Hat October/Fall
55da319d-eb06-4f48-bfda-135606ed4c8a,2015-10-3,2015-10-4,2015 Anzio Jam
b011cfbe-9109-4ce6-b3a8-295343ac874d,2024-05-18,2024-05-23,Tymek test may 2024
f9fdbe44-3ef9-4fb6-83b0-70133a70c66b,2023-05-13,2023-05-14,Anzio Spring Jam 2
3f1d0050-bc2b-457b-b96f-8746cc676044,2018-8-16,2018-8-16,2018 Sandslash - 10th Edition
4468ab03-a4de-4eb5-9739-9cfd0450e3c7,2024-05-12,2024-05-12,2024 Anzio Spring Jam 3
2b4d9a12-7751-41c1-89f6-86b172bfab46,2013-10-5,2013-10-5,123 Four Seasons Hat - Edition Fall 2013
2870dffd-37e8-4bba-ad00-aed6460b017c,2019-4-26,2019-4-26,2019 Virginia States
19ee7186-ccc7-4040-96a9-6b2a32c2d2d2,2014-10-4,2014-10-5,2014 Anzio Jam
64e39d2f-b452-4240-9bb8-a11e48532679,2022-01-01,2022-01-01,JEM2022
96354a94-7d22-42ca-a3c9-c0c5dfbb60ad,2013-7-22,2013-7-27,2013 - WFDF
8ded4b27-44ff-4615-beeb-25f7eb86eb55,2023-07-01,2023-07-01,Munich Mash 2023
3444b532-4c3c-459e-81b2-591f296fa0e6,2018-8-18,2018-8-18,2018 Kova #5 Tournament (Summer Edition)
900616f7-13b1-401f-ac24-21340cdca582,2020-2-8,2020-2-8,123 Four Seasons Hat Tournament - Edition Winter 2020
94fa2697-3b98-4ae0-9e43-3d7a3040e042,2024-02-10,2024-02-10,2024 Autumn Berlin Hat
53b23991-26fd-4c7d-8a3e-3962c6ae018a,2018-6-2,2018-6-2,2018 Capocotta
7e5c9b8e-30f9-41eb-9c50-97a7371e43d1,2017-10-21,2017-10-21,123 Four Season Hat Tournament - Edition Fall 2017
b73a9574-4726-4d96-9f68-34139cec0fe5,2016-5-22,2016-5-22,2016 The Jammers
56b8911a-ea87-427a-b1c0-0ac9a83e1dcf,2024-04-13,2024-04-14,The Jam Session 2024
cdb94582-63d4-413b-9445-f3b0763b8c27,2018-8-17,2017-8-20,2017 Sandslash
b1923f3b-ef39-4a9f-9d08-a0a0973f877d,2019-5-17,2019-5-17,2019 The Jammers
6424aec9-09af-4bfe-8012-0523fbdd5f19,2022-10-09,2022-10-09,Anzio Jam 9
7bf611ea-8608-4a7b-a814-300101584fe0,2015-4-24,2015-4-26,2015 Jampionsleague
f5a5775f-44ba-4e8a-960c-d037490be124,2013-5-25,2013-5-26,2013 - The Jammers
c069f0af-c365-4ed1-8e97-7ed33f8094d1,2015-6-20,2015-6-21,40th Annual Wisconsin State Overall Flying Disc Tournament
3f337f4a-f3a7-4b91-b068-02765ab84702,2016-3-26,2016-3-26,2016 Paganello
fa9a007f-20d2-4f74-83e4-fe14d7ec0333,2016-1-2,2016-1-2,1234-Seasons-Hat-Tournament - Edition Winter 2016
c26fb9f7-1b15-480a-9695-9c9fe7f8b1e1,2023-07-01,2023-07-01,Viking Hat 2023
2d5d392e-62c0-42ba-b9d5-177eabf15fa9,2018-10-7,2018-10-7,2018 Anzio Jam
74f3d87e-f420-408e-bd99-918e58f20994,2022-03-22,2022-03-22,2022 YJIW March 22
f83b0fcf-1fe2-42ed-8471-44e14b07c86d,2017-3-3,2017-3-5,2017 Frisbeer Cup
d0da6877-24d8-49cd-afc2-45918a898f0e,2016-9-18,2016-9-18,Walk the Plank Hat Tournament
1bae10ba-ca92-463e-b854-d69ec3c5a035,2018-10-6,2018-10-6,Beachstylers 2018
c8af8881-8680-46f5-a7fc-e9da7e3879df,2023-03-23,2023-03-23,2023 Your Jam is Waiting
02017201-535b-4a99-846d-9395c971f53f,2023-07-01,2023-07-01,2023 Berlin Summer Hat Tournament
730cf461-611f-4fe3-933f-b1e265968f4f,2024-08-14,2024-08-17,FPAW 2024 WORLDS
85d4356f-085c-4d29-93c2-c5d56d73eaa5,2023-04-01,2023-04-01,Virginia 2023
bc5cfd8f-4f33-4769-963d-08ca1b29854a,2013-1-26,2013-1-26,2013 - 1234 Seasons Hat Winter
3de99a47-25bc-4a9b-adcc-137707504b4a,2019-6-30,2019-6-30,2019 Swedish Freestyle Nationals
73996d86-d4dd-44d0-8e1c-3655e3f3ca91,2024-01-21,2024-01-21,Gran Jam 2024 (Jan '24)
ec84d2ad-09ef-4da0-aea5-fee76fc99b7a,2015-9-5,2015-9-6,Spiritcamp 2015
55dfdde7-3e85-419b-88c9-a5a0747000ed,2019-2-2,2019-2-2,In den Hallen 2019
53fc690a-895f-4fa3-abff-3f527546f7d3,2018-6-30,2018-6-30,2018 Sunbreak
369915ab-59fe-4144-9013-cc5b4adba314,2018-10-7,2018-10-7,Laguna Beach Disc Festival
c24858df-19dc-4d47-b4ae-cc0587b2c56b,2025-03-07,2025-03-09,Frisbeer 2025
977d0e03-f98f-4bb6-ba2e-d2681523548d,2018-2-17,2018-2-18,2018 In den Hallen
588ec014-cd05-486e-9298-9715f7f559ba,2025-08-22,2025-08-24,SandSlash 2025
e4cb1c0b-b5e1-4b76-8126-e3a41298330b,2017-8-3,2006-8-17,2017 FPAW
981cbbb4-5a0d-4966-9894-8ce218a0a7ab,2015-10-17,2015-10-18,Laguna Beach Gamagori
7b764526-540f-4913-91e7-6354f8581183,2015-2-21,2015-2-22,Frisbeer Cup - Mixed Pairs
8c14255f-9a96-45f1-b843-74e2a00d06cc,2018-12-8,2018-12-8,Velo Underground Hat Shred
56b90b96-45e8-4a50-a71c-69e6c8b197c7,2019-03-01,2019-03-01,2019 YJIW March
6dbf94e6-7ad0-4072-aa75-0e89fc85ed1b,2017-7-14,2016-7-17,2017 NBG Bridge Bash
65fa143b-74bf-4e88-9dd0-a4a91040b8b6,2015-5-17,2015-5-17,2015 The Jammers
105e77c8-8ef0-4d0f-aa6b-75add983b529,2018-7-6,2018-7-6,Swedish Freestyle Championships
beecf63d-c79e-4477-8990-3fe525306c2d,2013-7-6,2013-7-6,2013 - Potlatch
abc2aef8-5cc8-44ec-9c3b-b8e05ebed4f9,2019-9-21,2019-9-21,Sheep Meadow Guerilla Hat
a45f0254-fd3f-4289-8aa3-8b78a212c9d5,2024-03-24,2024-03-24,2024 Your Jam is Waiting
f534ffaa-52e8-45d2-97fb-bc99796c30b6,2017-4-29,2017-4-30,20 Years of Frisbee in Poland
8fa34439-c126-4ea4-9a94-6b5d76fa537a,2023-10-08,2023-10-08,Autumn Berlin Hat 2023
4ddffaf7-d30e-419b-97c7-bf163c5380e0,2024-04-21,2024-04-21,Virginia States 2024
99f0b491-843e-491a-a8e5-fbfebccf7063,2024-09-22,2024-09-22,2024 Coppa Città di Milano 31
064db387-5eec-42f9-a4bd-76c02ef38876,2019-10-10,2019-10-10,FPAW 2019
505f6ac5-b872-4c18-876e-d84d1146679f,2014-8-23,2014-8-24,2014 - Sandslash
c3f6dfc2-f9b4-4823-8930-28eb461ba660,2020-10-01,2020-10-01,Anzio Jam 7 October 2020
7d763270-79b1-4dfd-9c0c-8fd67e8ace40,2018-12-15,2018-12-15,Lazzaroni 2018
c5f159b5-36f1-4b1a-82c1-36145d1d7abb,2014-9-20,2014-9-21,2014 - Torino Street Style
a5d3d8a8-2994-43f6-964b-866029b0503f,2016-3-20,2016-3-20,Carl Dobson's Tournament
37ce2604-9d23-4c24-b18d-d173f6280fdb,2021-12-01,2021-12-01,Capocotta Hat December 2021
0d07da3f-137c-4c78-a476-8bf47147fb8c,2022-06-01,2022-06-01,AIFDA Japan (June 2022)
87b0e38d-03dc-4836-bda3-e1096cd47abd,2016-3-4,2016-3-6,2016 Frisbeer Cup - Open Coop
99e09805-d6a7-4286-b8a1-411aebf3b424,2024-08-15,2024-08-18,FPAW2024
3063b816-3aa2-4c39-83e7-61fa3afad141,2018-11-2,2018-11-2,2018 Golden Gate Shred
9a36f4cb-30ef-4811-b83e-c12440ae3e91,2018-8-1,2018-8-1,2018 FPAW
f9d80c3d-549e-4954-8867-264fdacce4f1,2021-09-01,2021-09-01,Capocotta Hat September 2021
216df942-fc80-4dae-8c54-3dd480841825,2022-12-01,2022-12-01,TomaTuSet2022
9c2a4d41-9cd3-450a-924a-453d4646a2d8,2023-06-27,2023-06-27,Swedish Championship 2023
14c9346b-0ae2-4d1d-8133-3d92b9a3fe07,2025-07-19,2025-07-20,German Open 2025
1ddbad09-0e3b-40ce-87be-9dd7ac37c891,2016-6-10,2016-6-10,NBG Bridge Bash
12945538-7684-4c26-b6a9-29c7d2b2039a,2023-02-24,2023-02-26,Frisbeer2023
32ae9606-fa81-4c76-966b-192bc92ff9a5,2019-10-26,2019-10-26,123 Four Seasons Hat Tournament - Edition Fall 2019
f3670d8a-26c0-4529-97e5-2b9fc150d30c,2018-6-23,2018-6-23,2018 Munich Mash
7544d028-a114-444f-bcdd-b298c6cec8f9,2023-03-01,2023-03-01,2023 Berlin Spring Hat
327afd9d-5d67-4b5b-ab3e-8233d65dd31c,2017-7-9,2011-7-17,Italian Freestyle Open
f7c22e42-be6a-4147-abf8-5d1bc0b29efa,2016-3-19,2016-3-19,123 Four Seasons Hat Tournament - Edition Spring 2016
159d4e45-5fb5-46e4-90fd-d3177fb2b29d,2019-6-28,2019-6-28,2019 Munich Mash
203ba88a-748c-4e06-827e-39f5f8f5df22,2016-8-20,2016-8-20,2016 Sandslash
89c7650c-4cf4-4a3a-a2e3-fb0fd52a03f4,2023-07-22,2023-07-23,July2023Test
3c260aaf-3066-4eff-8813-0ca91cb241f7,2015-7-18,2015-7-25,2015 WFDF World Overall Flying Disc Championships
19b459a2-222d-4267-bb3f-c2ebd37ce4d6,2025-02-01,2025-02-01,2025 Berlin Winter Hat
4f278521-4aba-4091-9154-2d33e0be699b,2019-10-5,2019-10-5,Anzio Jam 6
19a7b7e4-32b4-4665-8b2b-7599baf45d5d,2017-7-23,2017-7-23,2017 KOVA Hat Tournament - Summer Edition
8b7b6334-beb5-49d0-89ba-ed11dce93326,2024-08-24,2024-08-24,Sandslash 2024
5a7a9f50-0f53-4704-a7b2-19785d2a9082,2013-6-1,2013-6-2,2013 - German Freestyle Championships
56f0d43c-d4cf-48a5-9886-86c06c862ff5,2015-11-14,2015-11-16,2015 JamBritannia
c4d78526-3c3d-40df-8a1e-2399e022ea1a,2018-11-17,2018-11-17,2018 Kova #6 Tournament 2018 (Fall Edition)
d321e0a1-5b05-4cd3-9d14-bea5ac11b76f,2016-5-14,2016-5-15,2016 German Championships
1d1be2e3-0f97-4999-bd47-432fefed1224,2015-5-1,2015-5-3,2015 Bibione - Italian Open Challenge
d701ec9e-929f-4a22-80b0-2b453628cc0a,2013-6-8,2013-6-9,2013 - Disc Summit
b0fd1593-c88e-4946-958c-512f6892801d,2017-7-1,2002-7-17,2017 German Freestyledisc Championships
a59da5ea-68be-4599-895d-0dea4188582a,2013-1-12,2013-1-12,2013 Austin Winter Series Open
715ef2eb-b87f-4f39-9062-2baea76e4bd2,2022-06-27,2022-06-27,2022 Allround SM Swedish Championship Open
89030704-edd1-4a64-90fc-b78f9acebf28,2024-04-06,2024-04-07,Berlin Hat Spring 2024
bab5d8ba-ec0f-49a2-8e6a-a83638ddc359,2014-10-4,2014-10-4,2014 Berlin Hat - Fall Edition
de2517dc-aea2-4b7e-91e0-8976434c0940,2015-7-11,2015-7-11,123four Seasons Hat Tournament - Edition Summer 2015
cf730584-1f8b-405e-be70-2d9bcfc6f477,2015-2-21,2015-2-22,Frisbeer Cup - Open Pairs
8a855146-d1c4-4991-8acd-bf1bdda0e2d5,2013-7-6,2013-7-7,2013 - Sportfestival Tournament
cef84045-b130-4fa5-82cc-8dbcfa922616,2025-06-28,2025-06-28,2025 123-4 Berlin HAT Summer edition
79f1a001-4178-412e-9c4f-f497098ff88a,2018-10-27,2018-10-27,123 Four Seasons Hat Tournament - Edition Fall 2018
c6d34079-f756-48a3-8810-0537f6778753,2019-8-3,2019-8-3,Medellin Freestyle Tournament - Toma Tu Set
51f0ba41-4801-4cf8-8ae0-eb12585d63a4,2016-12-17,2016-12-17,2016 Lazzaroni
d6e31218-a3d4-4911-84a3-ba6b8325fbdc,2017-11-12,2017-11-12,2017 Aichi Flying Disc Competition
3a8f9ae2-f811-4382-b700-c7745df9d7a6,2017-10-7,2017-10-7,2017 Anzio Jam
e0ab654a-8a86-4042-a03a-f93a49c7e1d7,2016-7-16,2016-7-16,1234 Seasons Hat - Summer 2016
d29ea593-03cd-44ad-9d0b-5b0a3a9e2e30,2014-4-12,2014-4-13,2014 Virginia States
840c6c6f-c193-4d12-a3a3-c6bbb7a01e48,2013-5-31,2013-6-2,2013 - German Freestyle Championships
fb3419f8-ee1f-4403-90db-4798ad4df7c3,2017-3-10,2017-3-10,2017 Jam Canaria
b554faed-ed73-48ff-8d6c-2b71ae528695,2025-07-12,2025-07-13,AmsterJam
70753ec8-ff0e-484b-a958-6ce5f372e0a8,2017-11-11,2017-11-11,2017 Jam Brittannia III
21c2b9f7-2afc-4144-9122-4421a7b4df1b,2014-8-22,2014-8-24,The 39th All Japan Overall Flying Disc Championship
2f42b417-a0bd-4374-b692-3ef84fe2ae72,2015-6-25,2015-6-28,2015 FPAW
1f9be064-48bc-48c5-9fe8-9260ecb59ee9,2015-3-1,2015-3-1,2015 Ocean Beach Wintershred
9f8d8e36-c4fe-46b4-8019-12cb0b388212,2013-2-9,2013-2-10,2013 - Frisbeer Cup
62f66af7-8bbf-44ee-b7a1-8c801b241856,2015-2-21,2015-2-22,Frisbeer Cup - Open Co-op
a813f945-98d6-48e1-869f-3df635e2c33a,2013-8-15,2013-8-18,2013 FPAW
c6e6926f-532f-4ff0-bd30-b4165fdadfb2,2017-4-21,2017-4-23,2017 Virginia States
4f20f3a1-19b0-4201-b6a3-55fe34797fcd,2015-8-28,2015-8-30,All Japan Open
e112c7ac-7312-4de6-8ff4-fe44f6c080c6,2016-11-13,2016-11-13,AIFDA Aichi Flying Disc Competition
919ea87b-a324-4af3-b465-0ec3ff182611,2013-4-27,2013-4-28,2013 - EFC
16b9be1a-4667-493b-949a-e331e9ff9e3c,2019-6-7,2019-6-7,Italian Freestyle Open
323d3008-ea75-454e-a433-eddad38a1fdb,2025-05-16,2025-05-17,Anzio Spring Jam 4 2025
1b6d2f06-8ff0-47b8-878d-c8d3e6bb6260,2018-5-4,2018-5-4,2018 Black to the Forest
ad67fdba-1b53-4ebc-b758-eea4035cbaf2,2015-8-7,2015-8-9,2015 American Freestyle Championships
cf224829-1299-4008-968c-ac6bf112339e,2024-08-31,2024-08-31,2024 Summer Berlin Hat
a5fad498-5e6a-4750-a25d-b8f66cee83b4,2019-2-2,2019-2-2,2019 Kova #7 Tournament 2019 (Winter Edition)
2589575f-4c5e-4eab-a4be-24bc25fc1bd7,2021-10-01,2021-10-01,Anzio 8 October 2021
ab6aaf7a-9b55-4c03-8dad-18c9b606b8ab,2017-6-23,2017-6-25,2017 Munich Mash
31139d05-339e-4c26-9630-bec6c9b14e42,2019-3-1,2019-3-1,2019 Frisbeer Cup
2479bc08-96ef-4951-bdac-bebbd9c6400b,2019-7-20,2019-7-20,2019 Amsterjam
bce7306f-6d9d-404c-94eb-bbf2975612b6,2018-3-31,2018-3-31,Israeli Freestyle Frisbee Championship 2018
29c15e0e-5788-4806-abb3-baa95af2eee7,2018-6-11,2018-6-11,2018 US Open
7cad015d-501f-4854-ba16-4fae77466991,2025-07-30,2025-08-02,FPAW 2025
39b766c6-93fd-4c89-b6f3-93bad4ca2682,2017-7-24,2017-7-24,Z25
abb5ce86-7547-4e40-ac5f-e14853c22cc9,2023-01-24,2023-01-25,Ryan Test Event
0b261fcc-218f-4d3e-ab65-8dc019a1c63a,2019-3-8,2019-3-8,2019 Holyjam
852f05e0-ec85-46a4-b098-4af989b68aa2,2019-10-19,2019-10-19,Ilkas awesome Birthday Hat Tournament
b5e41431-8861-4652-9667-6d1dfc2be758,2018-5-26,2018-5-26,123 Four Seasons Hat Tournament  - Edition Spring 2018
2ea46dba-62b0-4b1b-8d94-5a9f51a7d494,2017-8-3,2017-8-3,2017 FPAW
c814635c-75b3-4cdd-bd10-f32135bcd6f5,2019-9-28,2019-9-28,2019 Beachstylers
54bfb447-f188-46ff-afcf-8ce8d5eb808c,2015-5-29,2015-5-31,2015 EFC
eac41b8b-a107-48a7-87d7-20ce132c8201,2017-10-20,2017-10-20,2017 Kova #2 Hat Tournament (Autumn Edition)
bff6d9f2-0f0e-4d21-97a2-62ccc098a6b3,2018-7-7,2018-7-7,German Freestyledisc Championships
6ccc0383-45b7-4db9-8f9d-3d622f0a07b5,2023-01-01,2023-01-01,2023 Berlin Winter Hat Tournament
d691e9bb-375d-433f-bf6d-348a49f18019,2023-04-22,2023-04-23,Virginia States 2023
033be81c-2452-4729-abe5-13cd85735cba,2017-7-1,2002-7-17,2017 Potlatch
ca1edaef-6019-48e9-a6b2-2bc7f923ee70,2017-12-16,2017-12-17,2017 Lazzaroni
caa5c9ce-97c8-4c10-928a-0f2be754ef82,2013-7-18,2013-7-20,2013 - Japan Overall Championship
5fc98849-3bfe-4dbc-acf9-5e7bc2cc7eae,2010-01-19,2010-01-19,Ryan Test 2
5e78385f-72ec-4257-858b-e932f15f9115,2018-8-11,2018-8-11,Cranbury Jam 2
4ca47611-80c3-4510-8d5f-ba997ef5fd8a,2022-09-22,2022-12-24,FPAW 2022
c247c565-8542-4082-ac18-0400927a2023,2020-1-17,2020-1-17,Juntos es Mejor
66a245b5-9218-4a01-8599-67e737bd3d95,2014-12-6,2014-2-8,2014 Lazzaroni
97d8a370-9ee9-4c0a-a408-d62bc95a68bb,2021-10-21,2021-10-21,2021 YJIW October 21
b01b139c-7493-44cb-90b3-0a92b3735d98,2013-6-22,2013-6-23,2013 Mountain Alternative Open
760242a3-ab3d-4583-9c07-466ad0dd446b,2016-4-29,2016-5-1,2016 European Freestyle Disc Open
d23c971a-4458-4374-a876-830dd773ab33,2017-4-14,2017-4-16,2017 Paganello
67e596ac-e1a6-4036-8575-2368ac4764aa,2013-6-22,2013-6-23,2013 - Fusion
1728d03d-5c3b-4baf-94ff-d8d9e45174a7,2022-09-01,2022-09-01,WFDF2022
1cb977aa-8c8c-4b34-87cb-c28c4540cb41,2016-10-1,2016-10-1,1234 Seasons Hat - Fall 2016
54ddd2c8-580a-41cf-9008-e3f4b5996ee4,2016-11-12,2016-11-12,2016 JamBrittania
a620129b-4a32-4fdd-8280-d04a6d855a14,2016-10-14,2016-10-14,2016 Beachstylers
5f3c2ce5-a9fc-4e44-baec-e02b47363890,2014-4-18,2014-4-20,2014 Paganello
9d9ce723-23b2-4838-bd9f-c958c364b71d,2025-08-31,2025-08-31,Ryan Test Quick 2025
dcd0a527-61e2-4a23-a47f-4c2760dd2010,2015-10-24,2015-10-25,2015 Beachstylers
0b8d07ca-9a01-494a-9fc3-93489ad9f33a,2018-9-21,2018-9-21,25 Coppa Citta di Milano
49ae5d5a-f606-4fcd-bc8e-e539c6b45cd4,2018-1-13,2018-1-13,Kova #3 Tournament 2017 (Winter Edition)
8e3f3601-bc0f-4e80-abc1-56f391748def,2024-04-01,2024-04-01,Paganello 2024
56562852-5f7f-485e-b4b0-abce0ea83604,2016-6-25,2016-6-25,2016 Amsterjam
b593bab8-d699-42ce-916a-a12167b53de6,2017-1-7,2008-1-17,2017 In den Hallen
f54fbb5a-8633-4c29-b118-69d422d0912c,2024-06-22,2024-06-23,German Championships 2024
b15bf2b2-5532-4592-9a82-5ec755fc6dbd,2024-03-21,2024-03-21,Berlin Hat tournament Edition Winter 2024